Rank,Artist,Song,Year,ArtistSong
1,Gordon Jenkins and The Weavers,Goodnight Irene,1950,Gordon Jenkins and The WeaversGoodnight Irene
2,Nat King Cole,Mona Lisa,1950,Nat King ColeMona Lisa
3,Anton Karas,Third Man Theme,1950,Anton KarasThird Man Theme
4,Gary and Bing Crosby,Sam’s Song,1950,Gary and Bing CrosbySam’s Song
5,Gary and Bing Crosby,Simple Melody,1950,Gary and Bing CrosbySimple Melody
6,Teresa Brewer,"Music, Music, Music",1950,"Teresa BrewerMusic, Music, Music"
7,Guy Lombardo,Third Man Theme,1950,Guy LombardoThird Man Theme
8,Red Foley,Chattanoogie Shoe Shine Boy,1950,Red FoleyChattanoogie Shoe Shine Boy
9,Sammy Kaye,Harbor Lights,1950,Sammy KayeHarbor Lights
10,Sammy Kaye and Don Cornell,It Isn’t Fair,1950,Sammy Kaye and Don CornellIt Isn’t Fair
1,Nat King Cole,Too Young,1951,Nat King ColeToo Young
2,Tony Bennett,Because Of You,1951,Tony BennettBecause Of You
3,Les Paul and Mary Ford,How High The Moon,1951,Les Paul and Mary FordHow High The Moon
4,Rosemary Clooney,Come On-a My House,1951,Rosemary ClooneyCome On-a My House
5,Mario Lanza,Be My Love,1951,Mario LanzaBe My Love
6,Weavers,On Top Of Old Smoky,1951,WeaversOn Top Of Old Smoky
7,Tony Bennett,"Cold, Cold Heart",1951,"Tony BennettCold, Cold Heart"
8,Perry Como,If,1951,Perry ComoIf
9,Mario Lanza,Loveliest Night Of The Year,1951,Mario LanzaLoveliest Night Of The Year
10,Patti Page,Tennessee Waltz,1951,Patti PageTennessee Waltz
1,Leroy Anderson,Blue Tango,1952,Leroy AndersonBlue Tango
2,Kay Starr,Wheel Of Fortune,1952,Kay StarrWheel Of Fortune
3,Johnnie Ray,Cry,1952,Johnnie RayCry
4,Jo Stafford,You Belong To Me,1952,Jo StaffordYou Belong To Me
5,Vera Lynn,"Auf Wiederseh’n, Sweetheart",1952,"Vera LynnAuf Wiederseh’n, Sweetheart"
6,Rosemary Clooney,Half As Much,1952,Rosemary ClooneyHalf As Much
7,Eddie Fisher and Hugo Winterhalter,Wish You Were Here,1952,Eddie Fisher and Hugo WinterhalterWish You Were Here
8,Patti Page,I Went To Your Wedding,1952,Patti PageI Went To Your Wedding
9,Al Martino,Here In My Heart,1952,Al MartinoHere In My Heart
10,Percy Faith,Delicado,1952,Percy FaithDelicado
1,Percy Faith,Song From Moulin Rouge,1953,Percy FaithSong From Moulin Rouge
2,Les Paul and Mary Ford,Vaya Con Dios,1953,Les Paul and Mary FordVaya Con Dios
3,Patti Page,Doggie In The Window,1953,Patti PageDoggie In The Window
4,Eddie Fisher,I’m Walking Behind You,1953,Eddie FisherI’m Walking Behind You
5,Ames Brothers,"You, You, You",1953,"Ames BrothersYou, You, You"
6,Teresa Brewer,Till I Waltz Again With You,1953,Teresa BrewerTill I Waltz Again With You
7,Les Baxter,April In Portugal,1953,Les BaxterApril In Portugal
8,Perry Como,No Other Love,1953,Perry ComoNo Other Love
9,Perry Como,Don’t Let The Stars Get In Your Eyes,1953,Perry ComoDon’t Let The Stars Get In Your Eyes
10,Frankie Laine,I Believe,1953,Frankie LaineI Believe
1,Kitty Kallen,Little Things Mean A Lot,1954,Kitty KallenLittle Things Mean A Lot
2,Perry Como,Wanted,1954,Perry ComoWanted
3,Rosemary Clooney,Hey There,1954,Rosemary ClooneyHey There
4,Crew Cuts,Sh-Boom,1954,Crew CutsSh-Boom
5,Jo Stafford,Make Love To Me,1954,Jo StaffordMake Love To Me
6,Eddie Fisher,Oh! My Pa-pa,1954,Eddie FisherOh! My Pa-pa
7,Four Knights,I Get So Lonely,1954,Four KnightsI Get So Lonely
8,Four Aces,Three Coins In The Fountain,1954,Four AcesThree Coins In The Fountain
9,Doris Day,Secret Love,1954,Doris DaySecret Love
10,Archie Bleyer,Hernando’s Hideaway,1954,Archie BleyerHernando’s Hideaway
1,Perez Prado,Cherry Pink And Apple Blossom White,1955,Perez PradoCherry Pink And Apple Blossom White
2,Bill Haley and His Comets,Rock Around The Clock,1955,Bill Haley and His CometsRock Around The Clock
3,Mitch Miller,The Yellow Rose Of Texas,1955,Mitch MillerThe Yellow Rose Of Texas
4,Roger Williams,Autumn Leaves,1955,Roger WilliamsAutumn Leaves
5,Les Baxter,Unchained Melody,1955,Les BaxterUnchained Melody
6,Bill Hayes,The Ballad Of Davy Crockett,1955,Bill HayesThe Ballad Of Davy Crockett
7,Four Aces,Love Is A Many Splendored Thing,1955,Four AcesLove Is A Many Splendored Thing
8,McGuire Sisters,Sincerely,1955,McGuire SistersSincerely
9,Pat Boone,Ain’t That A Shame,1955,Pat BooneAin’t That A Shame
10,Georgia Gibbs,Dance With Me Henry,1955,Georgia GibbsDance With Me Henry
1,Elvis Presley,Heartbreak Hotel,1956,Elvis PresleyHeartbreak Hotel
2,Elvis Presley,Don’t Be Cruel,1956,Elvis PresleyDon’t Be Cruel
3,Nelson Riddle,Lisbon Antigua,1956,Nelson RiddleLisbon Antigua
4,Platters,My Prayer,1956,PlattersMy Prayer
5,Gogi Grant,The Wayward Wind,1956,Gogi GrantThe Wayward Wind
6,Les Baxter,The Poor People Of Paris,1956,Les BaxterThe Poor People Of Paris
7,Doris Day,Whatever Will Be Will Be (Que Sera Sera),1956,Doris DayWhatever Will Be Will Be (Que Sera Sera)
8,Elvis Presley,Hound Dog,1956,Elvis PresleyHound Dog
9,Dean Martin,Memories Are Made Of This,1956,Dean MartinMemories Are Made Of This
10,Kay Starr,Rock And Roll Waltz,1956,Kay StarrRock And Roll Waltz
1,Elvis Presley,All Shook Up,1957,Elvis PresleyAll Shook Up
2,Pat Boone,Love Letters In The Sand,1957,Pat BooneLove Letters In The Sand
3,Diamonds,Little Darlin’,1957,DiamondsLittle Darlin’
4,Tab Hunter,Young Love,1957,Tab HunterYoung Love
5,Jimmy Dorsey,So Rare,1957,Jimmy DorseySo Rare
6,Pat Boone,Don’t Forbid Me,1957,Pat BooneDon’t Forbid Me
7,Guy Mitchell,Singing The Blues,1957,Guy MitchellSinging The Blues
8,Sonny James,Young Love,1957,Sonny JamesYoung Love
9,Elvis Presley,Too Much,1957,Elvis PresleyToo Much
10,Perry Como,Round And Round,1957,Perry ComoRound And Round
1,Domenico Modugno,Volare (Nel Blu Dipinto Di Blu),1958,Domenico ModugnoVolare (Nel Blu Dipinto Di Blu)
2,Everly Brothers,All I Have To Do Is Dream / Claudette,1958,Everly BrothersAll I Have To Do Is Dream / Claudette
3,Elvis Presley,Don’t / I Beg Of You,1958,Elvis PresleyDon’t / I Beg Of You
4,David Seville,Witch Doctor,1958,David SevilleWitch Doctor
5,Perez Prado,Patricia,1958,Perez PradoPatricia
6,Billy Vaughn,Sail Along Silvery Moon / Raunchy,1958,Billy VaughnSail Along Silvery Moon / Raunchy
7,Perry Como,Catch A Falling Star / Magic Moments,1958,Perry ComoCatch A Falling Star / Magic Moments
8,Champs,Tequila,1958,ChampsTequila
9,Tommy Edwards,It’s All In The Game,1958,Tommy EdwardsIt’s All In The Game
10,Dean Martin,Return To Me,1958,Dean MartinReturn To Me
1,Johnny Horton,The Battle Of New Orleans,1959,Johnny HortonThe Battle Of New Orleans
2,Bobby Darin,Mack The Knife,1959,Bobby DarinMack The Knife
3,Lloyd Price,Personality,1959,Lloyd PricePersonality
4,Frankie Avalon,Venus,1959,Frankie AvalonVenus
5,Paul Anka,Lonely Boy,1959,Paul AnkaLonely Boy
6,Bobby Darin,Dream Lover,1959,Bobby DarinDream Lover
7,Browns,The Three Bells,1959,BrownsThe Three Bells
8,Fleetwoods,Come Softly To Me,1959,FleetwoodsCome Softly To Me
9,Wilbert Harrison,Kansas City,1959,Wilbert HarrisonKansas City
10,Fleetwoods,Mr. Blue,1959,FleetwoodsMr. Blue
1,Percy Faith,Theme From “A Summer Place”,1960,Percy FaithTheme From “A Summer Place”
2,Jim Reeves,He’ll Have To Go,1960,Jim ReevesHe’ll Have To Go
3,Everly Brothers,Cathy’s Clown,1960,Everly BrothersCathy’s Clown
4,Johnny Preston,Running Bear,1960,Johnny PrestonRunning Bear
5,Mark Dinning,Teen Angel,1960,Mark DinningTeen Angel
6,Brenda Lee,I’m Sorry,1960,Brenda LeeI’m Sorry
7,Elvis Presley,It’s Now Or Never,1960,Elvis PresleyIt’s Now Or Never
8,Jimmy Jones,Handy Man,1960,Jimmy JonesHandy Man
9,Elvis Presley,Stuck On You,1960,Elvis PresleyStuck On You
10,Chubby Checker,The Twist,1960,Chubby CheckerThe Twist
1,Bobby Lewis,Tossin’ And Turnin’,1961,Bobby LewisTossin’ And Turnin’
2,Patsy Cline,I Fall To Pieces,1961,Patsy ClineI Fall To Pieces
3,Highwaymen,Michael,1961,HighwaymenMichael
4,Roy Orbison,Cryin’,1961,Roy OrbisonCryin’
5,Del Shannon,Runaway,1961,Del ShannonRunaway
6,Jive Five,My True Story,1961,Jive FiveMy True Story
7,Chubby Checker,Pony Time,1961,Chubby CheckerPony Time
8,String-a-longs,Wheels,1961,String-a-longsWheels
9,Dee Clark,Raindrops,1961,Dee ClarkRaindrops
10,Joe Dowell,Wooden Heart (Muss I Denn),1961,Joe DowellWooden Heart (Muss I Denn)
1,Mr. Acker Bilk,Stranger On The Shore,1962,Mr. Acker BilkStranger On The Shore
2,Ray Charles,I Can’t Stop Loving You,1962,Ray CharlesI Can’t Stop Loving You
3,Dee Dee Sharp,Mashed Potato Time,1962,Dee Dee SharpMashed Potato Time
4,Bobby Vinton,Roses Are Red,1962,Bobby VintonRoses Are Red
5,David Rose,The Stripper,1962,David RoseThe Stripper
6,Shelley Fabares,Johnny Angel,1962,Shelley FabaresJohnny Angel
7,Little Eva,The Loco-Motion,1962,Little EvaThe Loco-Motion
8,Sensations,Let Me In,1962,SensationsLet Me In
9,Chubby Checker,The Twist,1962,Chubby CheckerThe Twist
10,Shirelles,Soldier Boy,1962,ShirellesSoldier Boy
1,Jimmy Gilmer and The Fireballs,Sugar Shack,1963,Jimmy Gilmer and The FireballsSugar Shack
2,Beach Boys,Surfin’ U.S.A.,1963,Beach BoysSurfin’ U.S.A.
3,Skeeter Davis,The End Of The World,1963,Skeeter DavisThe End Of The World
4,Cascades,Rhythm Of The Rain,1963,CascadesRhythm Of The Rain
5,Chiffons,He’s So Fine,1963,ChiffonsHe’s So Fine
6,Bobby Vinton,Blue Velvet,1963,Bobby VintonBlue Velvet
7,Paul and Paula,Hey Paula,1963,Paul and PaulaHey Paula
8,Little Stevie Wonder,Fingertips II,1963,Little Stevie WonderFingertips II
9,Village Stompers,Washington Square,1963,Village StompersWashington Square
10,Impressions,It’s All Right,1963,ImpressionsIt’s All Right
1,Beatles,I Want To Hold Your Hand,1964,BeatlesI Want To Hold Your Hand
2,Beatles,She Loves You,1964,BeatlesShe Loves You
3,Louis Armstrong,"Hello, Dolly!",1964,"Louis ArmstrongHello, Dolly!"
4,Roy Orbison,"Oh, Pretty Woman",1964,"Roy OrbisonOh, Pretty Woman"
5,Beach Boys,I Get Around,1964,Beach BoysI Get Around
6,Dean Martin,Everybody Loves Somebody,1964,Dean MartinEverybody Loves Somebody
7,Mary Wells,My Guy,1964,Mary WellsMy Guy
8,Gale Garnett,We’ll Sing In The Sunshine,1964,Gale GarnettWe’ll Sing In The Sunshine
9,J. Frank Wilson and The Cavaliers,Last Kiss,1964,J. Frank Wilson and The CavaliersLast Kiss
10,Supremes,Where Did Our Love Go,1964,SupremesWhere Did Our Love Go
1,Sam The Sham and The Pharaohs,Wooly Bully,1965,Sam The Sham and The PharaohsWooly Bully
2,Four Tops,I Can’t Help Myself (Sugar Pie Honey Bunch),1965,Four TopsI Can’t Help Myself (Sugar Pie Honey Bunch)
3,Rolling Stones,(I Can’t Get No) Satisfaction,1965,Rolling Stones(I Can’t Get No) Satisfaction
4,We Five,You Were On My Mind,1965,We FiveYou Were On My Mind
5,Righteous Brothers,You’ve Lost That Lovin’ Feelin’,1965,Righteous BrothersYou’ve Lost That Lovin’ Feelin’
6,Petula Clark,Downtown,1965,Petula ClarkDowntown
7,Beatles,Help!,1965,BeatlesHelp!
8,Herman’s Hermits,Can’t You Hear My Heartbeat,1965,Herman’s HermitsCan’t You Hear My Heartbeat
9,Elvis Presley,Crying In The Chapel,1965,Elvis PresleyCrying In The Chapel
10,Temptations,My Girl,1965,TemptationsMy Girl
1,Sgt. Barry Sadler,The Ballad Of The Green Berets,1966,Sgt. Barry SadlerThe Ballad Of The Green Berets
2,Association,Cherish,1966,AssociationCherish
3,Righteous Brothers,(You’re My) Soul And Inspiration,1966,Righteous Brothers(You’re My) Soul And Inspiration
4,Four Tops,Reach Out I’ll Be There,1966,Four TopsReach Out I’ll Be There
5,? and The Mysterians,96 Tears,1966,? and The Mysterians96 Tears
6,Monkees,Last Train To Clarksville,1966,MonkeesLast Train To Clarksville
7,Mama’s and The Papa’s,"Monday, Monday",1966,"Mama’s and The Papa’sMonday, Monday"
8,Supremes,You Can’t Hurry Love,1966,SupremesYou Can’t Hurry Love
9,Johnny Rivers,Poor Side Of Town,1966,Johnny RiversPoor Side Of Town
10,Mama’s and The Papa’s,California Dreamin’,1966,Mama’s and The Papa’sCalifornia Dreamin’
1,Lulu,To Sir With Love,1967,LuluTo Sir With Love
2,Box Tops,The Letter,1967,Box TopsThe Letter
3,Bobby Gentry,Ode To Billie Joe,1967,Bobby GentryOde To Billie Joe
4,Association,Windy,1967,AssociationWindy
5,Monkees,I’m A Believer,1967,MonkeesI’m A Believer
6,Doors,Light My Fire,1967,DoorsLight My Fire
7,Nancy Sinatra and Frank Sinatra,Somethin’ Stupid,1967,Nancy Sinatra and Frank SinatraSomethin’ Stupid
8,Turtles,Happy Together,1967,TurtlesHappy Together
9,Young Rascals,Groovin’,1967,Young RascalsGroovin’
10,Frankie Valli,Can’t Take My Eyes Off You,1967,Frankie ValliCan’t Take My Eyes Off You
1,Beatles,Hey Jude,1968,BeatlesHey Jude
2,Paul Mauriat,Love Is Blue,1968,Paul MauriatLove Is Blue
3,Bobby Goldsboro,Honey,1968,Bobby GoldsboroHoney
4,Otis Redding,(Sittin’ On) The Dock Of The Bay,1968,Otis Redding(Sittin’ On) The Dock Of The Bay
5,Rascals,People Got To Be Free,1968,RascalsPeople Got To Be Free
6,Cream,Sunshine Of Your Love,1968,CreamSunshine Of Your Love
7,Herb Alpert,This Guy’s In Love With You,1968,Herb AlpertThis Guy’s In Love With You
8,Hugo Montenegro,"The Good, The Bad And The Ugly",1968,"Hugo MontenegroThe Good, The Bad And The Ugly"
9,Simon and Garfunkel,Mrs. Robinson,1968,Simon and GarfunkelMrs. Robinson
10,Archie Bell and The Drells,Tighten Up,1968,Archie Bell and The DrellsTighten Up
1,Archies,"Sugar, Sugar",1969,"ArchiesSugar, Sugar"
2,Fifth Dimension,Aquarius / Let The Sunshine In,1969,Fifth DimensionAquarius / Let The Sunshine In
3,Temptations,I Can’t Get Next To You,1969,TemptationsI Can’t Get Next To You
4,Rolling Stones,Honky Tonk Women,1969,Rolling StonesHonky Tonk Women
5,Sly and The Family Stone,Everyday People,1969,Sly and The Family StoneEveryday People
6,Tommy Roe,Dizzy,1969,Tommy RoeDizzy
7,Sly and The Family Stone,Hot Fun In The Summertime,1969,Sly and The Family StoneHot Fun In The Summertime
8,Tom Jones,I’ll Never Fall In Love Again,1969,Tom JonesI’ll Never Fall In Love Again
9,Foundations,Build Me Up Buttercup,1969,FoundationsBuild Me Up Buttercup
10,Tommy James and The Shondells,Crimson And Clover,1969,Tommy James and The ShondellsCrimson And Clover
1,Simon and Garfunkel,Bridge Over Troubled Water,1970,Simon and GarfunkelBridge Over Troubled Water
2,Carpenters,(They Long To Be) Close To You,1970,Carpenters(They Long To Be) Close To You
3,Guess Who,American Woman / No Sugar Tonight,1970,Guess WhoAmerican Woman / No Sugar Tonight
4,B.J. Thomas,Raindrops Keep Fallin’ On My Head,1970,B.J. ThomasRaindrops Keep Fallin’ On My Head
5,Edwin Starr,War,1970,Edwin StarrWar
6,Diana Ross,Ain’t No Mountain High Enough,1970,Diana RossAin’t No Mountain High Enough
7,Jackson 5,I’ll Be There,1970,Jackson 5I’ll Be There
8,Rare Earth,Get Ready,1970,Rare EarthGet Ready
9,Beatles,Let It Be,1970,BeatlesLet It Be
10,Freda Payne,Band Of Gold,1970,Freda PayneBand Of Gold
1,Three Dog Night,Joy To The World,1971,Three Dog NightJoy To The World
2,Rod Stewart,Maggie May / (Find A) Reason To Believe,1971,Rod StewartMaggie May / (Find A) Reason To Believe
3,Carole King,It’s Too Late / I Feel The Earth Move,1971,Carole KingIt’s Too Late / I Feel The Earth Move
4,Osmonds,One Bad Apple,1971,OsmondsOne Bad Apple
5,Bee Gees,How Can You Mend A Broken Heart,1971,Bee GeesHow Can You Mend A Broken Heart
6,Raiders,Indian Reservation,1971,RaidersIndian Reservation
7,Donny Osmond,Go Away Little Girl,1971,Donny OsmondGo Away Little Girl
8,John Denver,"Take Me Home, Country Roads",1971,"John DenverTake Me Home, Country Roads"
9,Temptations,Just My Imagination (Running Away With Me),1971,TemptationsJust My Imagination (Running Away With Me)
10,Dawn,Knock Three Times,1971,DawnKnock Three Times
1,Roberta Flack,The First Time Ever I Saw Your Face,1972,Roberta FlackThe First Time Ever I Saw Your Face
2,Gilbert O’Sullivan,Alone Again (Naturally),1972,Gilbert O’SullivanAlone Again (Naturally)
3,Don McLean,American Pie,1972,Don McLeanAmerican Pie
4,Nilsson,Without You,1972,NilssonWithout You
5,Sammy Davis Jr.,Candy Man,1972,Sammy Davis Jr.Candy Man
6,Joe Tex,I Gotcha,1972,Joe TexI Gotcha
7,Bill Withers,Lean On Me,1972,Bill WithersLean On Me
8,Mac Davis,Baby Don’t Get Hooked On Me,1972,Mac DavisBaby Don’t Get Hooked On Me
9,Melanie,Brand New Key,1972,MelanieBrand New Key
10,Wayne Newton,Daddy Dont You Walk So Fast,1972,Wayne NewtonDaddy Dont You Walk So Fast
1,Tony Orlando and Dawn,Tie A Yellow Ribbon ‘Round The Ole Oak Tree,1973,Tony Orlando and DawnTie A Yellow Ribbon ‘Round The Ole Oak Tree
2,Jim Croce,Bad Bad Leroy Brown,1973,Jim CroceBad Bad Leroy Brown
3,Roberta Flack,Killing Me Softly With His Song,1973,Roberta FlackKilling Me Softly With His Song
4,Marvin Gaye,Let’s Get It On,1973,Marvin GayeLet’s Get It On
5,Paul McCartney and Wings,My Love,1973,Paul McCartney and WingsMy Love
6,Kris Kristofferson,Why Me,1973,Kris KristoffersonWhy Me
7,Elton John,Crocodile Rock,1973,Elton JohnCrocodile Rock
8,Billy Preston,Will It Go Round In Circles,1973,Billy PrestonWill It Go Round In Circles
9,Carly Simon,You’re So Vain,1973,Carly SimonYou’re So Vain
10,Diana Ross,Touch Me In The Morning,1973,Diana RossTouch Me In The Morning
1,Barbra Streisand,The Way We Were,1974,Barbra StreisandThe Way We Were
2,Terry Jacks,Seasons In The Sun,1974,Terry JacksSeasons In The Sun
3,Love Unlimited Orchestra,Love’s Theme,1974,Love Unlimited OrchestraLove’s Theme
4,Redbone,Come And Get Your Love,1974,RedboneCome And Get Your Love
5,Jackson 5,Dancing Machine,1974,Jackson 5Dancing Machine
6,Grand Funk Railroad,The Loco-Motion,1974,Grand Funk RailroadThe Loco-Motion
7,MFSB,TSOP,1974,MFSBTSOP
8,Ray Stevens,The Streak,1974,Ray StevensThe Streak
9,Elton John,Bennie And The Jets,1974,Elton JohnBennie And The Jets
10,Mac Davis,One Hell Of A Woman,1974,Mac DavisOne Hell Of A Woman
1,Captain and Tennille,Love Will Keep Us Together,1975,Captain and TennilleLove Will Keep Us Together
2,Glen Campbell,Rhinestone Cowboy,1975,Glen CampbellRhinestone Cowboy
3,Elton John,Philadelphia Freedom,1975,Elton JohnPhiladelphia Freedom
4,Freddy Fender,Before The Next Teardrop Falls,1975,Freddy FenderBefore The Next Teardrop Falls
5,Frankie Valli,My Eyes Adored You,1975,Frankie ValliMy Eyes Adored You
6,"Earth, Wind and Fire",Shining Star,1975,"Earth, Wind and FireShining Star"
7,David Bowie,Fame,1975,David BowieFame
8,Neil Sedaka,Laughter In The Rain,1975,Neil SedakaLaughter In The Rain
9,Eagles,One Of These Nights,1975,EaglesOne Of These Nights
10,John Denver,Thank God I’m A Country Boy,1975,John DenverThank God I’m A Country Boy
1,Wings,Silly Love Songs,1976,WingsSilly Love Songs
2,Elton John and Kiki Dee,Don’t Go Breaking My Heart,1976,Elton John and Kiki DeeDon’t Go Breaking My Heart
3,Johnnie Taylor,Disco Lady,1976,Johnnie TaylorDisco Lady
4,Four Seasons,"December, 1963 (Oh, What A Night)",1976,"Four SeasonsDecember, 1963 (Oh, What A Night)"
5,Wild Cherry,Play That Funky Music,1976,Wild CherryPlay That Funky Music
6,Manhattans,Kiss And Say Goodbye,1976,ManhattansKiss And Say Goodbye
7,The Miracles,Love Machine (Part 1),1976,The MiraclesLove Machine (Part 1)
8,Paul Simon,50 Ways To Leave Your Lover,1976,Paul Simon50 Ways To Leave Your Lover
9,Gary Wright,Love Is Alive,1976,Gary WrightLove Is Alive
10,Walter Murphy and The Big Apple Band,A Fifth Of Beethoven,1976,Walter Murphy and The Big Apple BandA Fifth Of Beethoven
1,Rod Stewart,Tonight’s The Night (Gonna Be Alright),1977,Rod StewartTonight’s The Night (Gonna Be Alright)
2,Andy Gibb,I Just Want To Be Your Everything,1977,Andy GibbI Just Want To Be Your Everything
3,Emotions,Best Of My Love,1977,EmotionsBest Of My Love
4,Barbra Streisand,Love Theme From “A Star Is Born”,1977,Barbra StreisandLove Theme From “A Star Is Born”
5,Hot,Angel In Your Arms,1977,HotAngel In Your Arms
6,Kenny Nolan,I Like Dreamin’,1977,Kenny NolanI Like Dreamin’
7,Thelma Houston,Don’t Leave Me This Way,1977,Thelma HoustonDon’t Leave Me This Way
8,Rita Coolidge,(Your Love Has Lifted Me) Higher And Higher,1977,Rita Coolidge(Your Love Has Lifted Me) Higher And Higher
9,Alan O’Day,Undercover Angel,1977,Alan O’DayUndercover Angel
10,Mary MacGregor,Torn Between Two Lovers,1977,Mary MacGregorTorn Between Two Lovers
1,Andy Gibb,Shadow Dancing,1978,Andy GibbShadow Dancing
2,Bee Gees,Night Fever,1978,Bee GeesNight Fever
3,Debby Boone,You Light Up My Life,1978,Debby BooneYou Light Up My Life
4,Bee Gees,Stayin’ Alive,1978,Bee GeesStayin’ Alive
5,Exile,Kiss You All Over,1978,ExileKiss You All Over
6,Bee Gees,How Deep Is Your Love,1978,Bee GeesHow Deep Is Your Love
7,Player,Baby Come Back,1978,PlayerBaby Come Back
8,Andy Gibb,(Love Is) Thicker Than Water,1978,Andy Gibb(Love Is) Thicker Than Water
9,A Taste Of Honey,Boogie Oogie Oogie,1978,A Taste Of HoneyBoogie Oogie Oogie
10,Commodores,Three Times A Lady,1978,CommodoresThree Times A Lady
1,Knack,My Sharona,1979,KnackMy Sharona
2,Donna Summer,Bad Girls,1979,Donna SummerBad Girls
3,Chic,Le Freak,1979,ChicLe Freak
4,Rod Stewart,Da Ya Think I’m Sexy,1979,Rod StewartDa Ya Think I’m Sexy
5,Peaches and Herb,Reunited,1979,Peaches and HerbReunited
6,Gloria Gaynor,I Will Survive,1979,Gloria GaynorI Will Survive
7,Donna Summer,Hot Stuff,1979,Donna SummerHot Stuff
8,Village People,Y.M.C.A.,1979,Village PeopleY.M.C.A.
9,Anita Ward,Ring My Bell,1979,Anita WardRing My Bell
10,Robert John,Sad Eyes,1979,Robert JohnSad Eyes
1,Blondie,Call Me,1980,BlondieCall Me
2,Pink Floyd,Another Brick In The Wall,1980,Pink FloydAnother Brick In The Wall
3,Olivia Newton-John,Magic,1980,Olivia Newton-JohnMagic
4,Michael Jackson,Rock With You,1980,Michael JacksonRock With You
5,Captain and Tennille,Do That To Me One More Time,1980,Captain and TennilleDo That To Me One More Time
6,Queen,Crazy Little Thing Called Love,1980,QueenCrazy Little Thing Called Love
7,Paul McCartney,Coming Up,1980,Paul McCartneyComing Up
8,"Lipps, Inc.",Funkytown,1980,"Lipps, Inc.Funkytown"
9,Billy Joel,It’s Still Rock And Roll To Me,1980,Billy JoelIt’s Still Rock And Roll To Me
10,Bette Midler,The Rose,1980,Bette MidlerThe Rose
1,Kim Carnes,Bette Davis Eyes,1981,Kim CarnesBette Davis Eyes
2,Diana Ross and Lionel Richie,Endless Love,1981,Diana Ross and Lionel RichieEndless Love
3,Kenny Rogers,Lady,1981,Kenny RogersLady
4,John Lennon,(Just Like) Starting Over,1981,John Lennon(Just Like) Starting Over
5,Rick Springfield,Jessie’s Girl,1981,Rick SpringfieldJessie’s Girl
6,Kool and The Gang,Celebration,1981,Kool and The GangCelebration
7,Daryl Hall and John Oates,Kiss On My List,1981,Daryl Hall and John OatesKiss On My List
8,Eddie Rabbitt,I Love A Rainy Night,1981,Eddie RabbittI Love A Rainy Night
9,Dolly Parton,9 To 5,1981,Dolly Parton9 To 5
10,REO Speedwagon,Keep On Loving You,1981,REO SpeedwagonKeep On Loving You
1,Olivia Newton-John,Physical,1982,Olivia Newton-JohnPhysical
2,Survivor,Eye Of The Tiger,1982,SurvivorEye Of The Tiger
3,Joan Jett and The Blackhearts,I Love Rock N’ Roll,1982,Joan Jett and The BlackheartsI Love Rock N’ Roll
4,Paul McCartney and Stevie Wonder,Ebony And Ivory,1982,Paul McCartney and Stevie WonderEbony And Ivory
5,J. Geils Band,Centerfold,1982,J. Geils BandCenterfold
6,Human League,Don’t You Want Me,1982,Human LeagueDon’t You Want Me
7,John Cougar,Jack And Diane,1982,John CougarJack And Diane
8,John Cougar,Hurts So Good,1982,John CougarHurts So Good
9,Steve Miller Band,Abracadabra,1982,Steve Miller BandAbracadabra
10,Chicago,Hard To Say I’m Sorry,1982,ChicagoHard To Say I’m Sorry
1,Police,Every Breath You Take,1983,PoliceEvery Breath You Take
2,Michael Jackson,Billie Jean,1983,Michael JacksonBillie Jean
3,Irene Cara,Flashdance… What A Feeling,1983,Irene CaraFlashdance… What A Feeling
4,Men At Work,Down Under,1983,Men At WorkDown Under
5,Michael Jackson,Beat It,1983,Michael JacksonBeat It
6,Bonnie Tyler,Total Eclipse Of The Heart,1983,Bonnie TylerTotal Eclipse Of The Heart
7,Daryl Hall and John Oates,Maneater,1983,Daryl Hall and John OatesManeater
8,Patti Austin and James Ingram,Baby Come To Me,1983,Patti Austin and James IngramBaby Come To Me
9,Michael Sembello,Maniac,1983,Michael SembelloManiac
10,Eurythmics,Sweet Dreams (Are Made Of This),1983,EurythmicsSweet Dreams (Are Made Of This)
1,Prince,When Doves Cry,1984,PrinceWhen Doves Cry
2,Tina Turner,What’s Love Got To Do With It,1984,Tina TurnerWhat’s Love Got To Do With It
3,Paul McCartney and Michael Jackson,Say Say Say,1984,Paul McCartney and Michael JacksonSay Say Say
4,Kenny Loggins,Footloose,1984,Kenny LogginsFootloose
5,Phil Collins,Against All Odds (Take A Look At Me Now),1984,Phil CollinsAgainst All Odds (Take A Look At Me Now)
6,Van Halen,Jump,1984,Van HalenJump
7,Lionel Richie,Hello,1984,Lionel RichieHello
8,Yes,Owner Of A Lonely Heart,1984,YesOwner Of A Lonely Heart
9,Ray Parker Jr.,Ghostbusters,1984,Ray Parker Jr.Ghostbusters
10,Culture Club,Karma Chameleon,1984,Culture ClubKarma Chameleon
1,Wham!,Careless Whisper,1985,Wham!Careless Whisper
2,Madonna,Like A Virgin,1985,MadonnaLike A Virgin
3,Wham!,Wake Me Up Before You Go-Go,1985,Wham!Wake Me Up Before You Go-Go
4,Foreigner,I Want To Know What Love Is,1985,ForeignerI Want To Know What Love Is
5,Chaka Khan,I Feel For You,1985,Chaka KhanI Feel For You
6,Daryl Hall and John Oates,Out Of Touch,1985,Daryl Hall and John OatesOut Of Touch
7,Tears For Fears,Everybody Wants To Rule The World,1985,Tears For FearsEverybody Wants To Rule The World
8,Dire Straits,Money For Nothing,1985,Dire StraitsMoney For Nothing
9,Madonna,Crazy For You,1985,MadonnaCrazy For You
10,A-Ha,Take On Me,1985,A-HaTake On Me
1,Dionne and Friends,That’s What Friends Are For,1986,Dionne and FriendsThat’s What Friends Are For
2,Lionel Richie,"Say You, Say Me",1986,"Lionel RichieSay You, Say Me"
3,Klymaxx,I Miss You,1986,KlymaxxI Miss You
4,Patti Labelle and Michael McDonald,On My Own,1986,Patti Labelle and Michael McDonaldOn My Own
5,Mr. Mister,Broken Wings,1986,Mr. MisterBroken Wings
6,Whitney Houston,How Will I Know,1986,Whitney HoustonHow Will I Know
7,Eddie Murphy,Party All The Time,1986,Eddie MurphyParty All The Time
8,Survivor,Burning Heart,1986,SurvivorBurning Heart
9,Mr. Mister,Kyrie,1986,Mr. MisterKyrie
10,Robert Palmer,Addicted To Love,1986,Robert PalmerAddicted To Love
1,Bangles,Walk Like An Egyptian,1987,BanglesWalk Like An Egyptian
2,Heart,Alone,1987,HeartAlone
3,Gregory Abbott,Shake You Down,1987,Gregory AbbottShake You Down
4,Whitney Houston,I Wanna Dance With Somebody (Who Loves Me),1987,Whitney HoustonI Wanna Dance With Somebody (Who Loves Me)
5,Starship,Nothing’s Gonna Stop Us Now,1987,StarshipNothing’s Gonna Stop Us Now
6,Robbie Nevil,C’est La Vie,1987,Robbie NevilC’est La Vie
7,Whitesnake,Here I Go Again,1987,WhitesnakeHere I Go Again
8,Bruce Hornsby and The Range,The Way It Is,1987,Bruce Hornsby and The RangeThe Way It Is
9,Bob Seger,Shakedown,1987,Bob SegerShakedown
10,Bon Jovi,Livin’ On A Prayer,1987,Bon JoviLivin’ On A Prayer
1,George Michael,Faith,1988,George MichaelFaith
2,INXS,Need You Tonight,1988,INXSNeed You Tonight
3,George Harrison,Got My Mind Set On You,1988,George HarrisonGot My Mind Set On You
4,Rick Astley,Never Gonna Give You Up,1988,Rick AstleyNever Gonna Give You Up
5,Guns N’ Roses,Sweet Child O’ Mine,1988,Guns N’ RosesSweet Child O’ Mine
6,Whitney Houston,So Emotional,1988,Whitney HoustonSo Emotional
7,Belinda Carlisle,Heaven Is A Place On Earth,1988,Belinda CarlisleHeaven Is A Place On Earth
8,Tiffany,Could’ve Been,1988,TiffanyCould’ve Been
9,Breathe,Hands To Heaven,1988,BreatheHands To Heaven
10,Steve Winwood,Roll With It,1988,Steve WinwoodRoll With It
1,Chicago,Look Away,1989,ChicagoLook Away
2,Bobby Brown,My Prerogative,1989,Bobby BrownMy Prerogative
3,Poison,Every Rose Has Its Thorn,1989,PoisonEvery Rose Has Its Thorn
4,Paula Abdul,Straight Up,1989,Paula AbdulStraight Up
5,Janet Jackson,Miss You Much,1989,Janet JacksonMiss You Much
6,Paula Abdul,Cold Hearted,1989,Paula AbdulCold Hearted
7,Bette Midler,Wind Beneath My Wings,1989,Bette MidlerWind Beneath My Wings
8,Milli Vanilli,Girl You Know Its True,1989,Milli VanilliGirl You Know Its True
9,Will To Power,"Baby, I Love Your Way-Freebird",1989,"Will To PowerBaby, I Love Your Way-Freebird"
10,Anita Baker,Giving You The Best That I Got,1989,Anita BakerGiving You The Best That I Got
1,Wilson Phillips,Hold On,1990,Wilson PhillipsHold On
2,Roxette,It Must Have Been Love,1990,RoxetteIt Must Have Been Love
3,Sinead O’Connor,Nothing Compares 2 U,1990,Sinead O’ConnorNothing Compares 2 U
4,Bell Biv Devoe,Poison,1990,Bell Biv DevoePoison
5,Madonna,Vogue,1990,MadonnaVogue
6,Mariah Carey,Vision Of Love,1990,Mariah CareyVision Of Love
7,Phil Collins,Another Day In Paradise,1990,Phil CollinsAnother Day In Paradise
8,En Vogue,Hold On,1990,En VogueHold On
9,Billy Idol,Cradle Of Love,1990,Billy IdolCradle Of Love
10,Jon Bon Jovi,Blaze Of Glory,1990,Jon Bon JoviBlaze Of Glory
1,Bryan Adams,(Everything I Do) I Do It For You,1991,Bryan Adams(Everything I Do) I Do It For You
2,Color Me Badd,I Wanna Sex You Up,1991,Color Me BaddI Wanna Sex You Up
3,C+C Music Factory,Gonna Make You Sweat,1991,C+C Music FactoryGonna Make You Sweat
4,Paula Abdul,Rush Rush,1991,Paula AbdulRush Rush
5,Timmy T,One More Try,1991,Timmy TOne More Try
6,EMF,Unbelievable,1991,EMFUnbelievable
7,Extreme,More Than Words,1991,ExtremeMore Than Words
8,Hi-Five,I Like The Way (The Kissing Game),1991,Hi-FiveI Like The Way (The Kissing Game)
9,Surface,The First Time,1991,SurfaceThe First Time
10,Amy Grant,"Baby, Baby",1991,"Amy GrantBaby, Baby"
1,Boyz II Men,End Of The Road,1992,Boyz II MenEnd Of The Road
2,Sir Mix A-lot,Baby Got Back,1992,Sir Mix A-lotBaby Got Back
3,Kris Kross,Jump,1992,Kris KrossJump
4,Vanessa Williams,Save The Best For Last,1992,Vanessa WilliamsSave The Best For Last
5,TLC,Baby-Baby-Baby,1992,TLCBaby-Baby-Baby
6,Eric Clapton,Tears In Heaven,1992,Eric ClaptonTears In Heaven
7,En Vogue,My Lovin’ (You’re Never Gonna Get It),1992,En VogueMy Lovin’ (You’re Never Gonna Get It)
8,Red Hot Chili Peppers,Under The Bridge,1992,Red Hot Chili PeppersUnder The Bridge
9,Color Me Badd,All 4 Love,1992,Color Me BaddAll 4 Love
10,Jon Secada,Just Another Day,1992,Jon SecadaJust Another Day
1,Whitney Houston,I Will Always Love You,1993,Whitney HoustonI Will Always Love You
2,Tag Team,Whoomp! (There It Is),1993,Tag TeamWhoomp! (There It Is)
3,UB40,Can’t Help Falling In Love,1993,UB40Can’t Help Falling In Love
4,Janet Jackson,That’s The Way Love Goes,1993,Janet JacksonThat’s The Way Love Goes
5,Silk,Freak Me,1993,SilkFreak Me
6,SWV,Weak,1993,SWVWeak
7,Shai,If I Ever Fall In Love,1993,ShaiIf I Ever Fall In Love
8,Mariah Carey,Dreamlover,1993,Mariah CareyDreamlover
9,Wreckx-N-Effect,Rump Shaker,1993,Wreckx-N-EffectRump Shaker
10,Snow,Informer,1993,SnowInformer
1,Ace Of Base,The Sign,1994,Ace Of BaseThe Sign
2,All-4-One,I Swear,1994,All-4-OneI Swear
3,Boyz II Men,I’ll Make Love To You,1994,Boyz II MenI’ll Make Love To You
4,Celine Dion,The Power Of Love,1994,Celine DionThe Power Of Love
5,Mariah Carey,Hero,1994,Mariah CareyHero
6,Lisa Loeb and Nine Stories,Stay (I Missed You),1994,Lisa Loeb and Nine StoriesStay (I Missed You)
7,Toni Braxton,Breathe Again,1994,Toni BraxtonBreathe Again
8,"Bryan Adams, Rod Stewart and Sting",All For Love,1994,"Bryan Adams, Rod Stewart and StingAll For Love"
9,Ace Of Base,All That She Wants,1994,Ace Of BaseAll That She Wants
10,Ace Of Base,Don’t Turn Around,1994,Ace Of BaseDon’t Turn Around
1,Coolio,Gangsta’s Paradise,1995,CoolioGangsta’s Paradise
2,TLC,Waterfalls,1995,TLCWaterfalls
3,TLC,Creep,1995,TLCCreep
4,Seal,Kiss From A Rose,1995,SealKiss From A Rose
5,Boyz II Men,On Bended Knee,1995,Boyz II MenOn Bended Knee
6,Real McCoy,Another Night,1995,Real McCoyAnother Night
7,Mariah Carey,Fantasy,1995,Mariah CareyFantasy
8,Madonna,Take A Bow,1995,MadonnaTake A Bow
9,Monica,Don’t Take It Personal (Just One Of Dem Days),1995,MonicaDon’t Take It Personal (Just One Of Dem Days)
10,Montell Jordan,This Is How We Do It,1995,Montell JordanThis Is How We Do It
1,Los Del Rio,Macarena (Bayside Boys Mix),1996,Los Del RioMacarena (Bayside Boys Mix)
2,Mariah Carey and Boyz II Men,One Sweet Day,1996,Mariah Carey and Boyz II MenOne Sweet Day
3,Celine Dion,Because You Loved Me,1996,Celine DionBecause You Loved Me
4,Tony Rich Project,Nobody Knows,1996,Tony Rich ProjectNobody Knows
5,Mariah Carey,Always Be My Baby,1996,Mariah CareyAlways Be My Baby
6,Tracy Chapman,Give Me One Reason,1996,Tracy ChapmanGive Me One Reason
7,Bone Thugs-N-Harmony,Tha Crossroads,1996,Bone Thugs-N-HarmonyTha Crossroads
8,Donna Lewis,I Love You Always Forever,1996,Donna LewisI Love You Always Forever
9,Toni Braxton,You’re Makin’ Me High / Let It Flow,1996,Toni BraxtonYou’re Makin’ Me High / Let It Flow
10,Keith Sweat,Twisted,1996,Keith SweatTwisted
1,Elton John,Candle In The Wind 1997,1997,Elton JohnCandle In The Wind 1997
2,Jewel,Foolish Games / You Were Meant For Me,1997,JewelFoolish Games / You Were Meant For Me
3,Puff Daddy and Faith Evans,I’ll Be Missing You,1997,Puff Daddy and Faith EvansI’ll Be Missing You
4,Toni Braxton,Un-Break My Heart,1997,Toni BraxtonUn-Break My Heart
5,Puff Daddy,Can’t Nobody Hold Me Down,1997,Puff DaddyCan’t Nobody Hold Me Down
6,R. Kelly,I Believe I Can Fly,1997,R. KellyI Believe I Can Fly
7,En Vogue,Don’t Let Go (Love),1997,En VogueDon’t Let Go (Love)
8,Mark Morrison,Return Of The Mack,1997,Mark MorrisonReturn Of The Mack
9,LeAnn Rimes,How Do I Live,1997,LeAnn RimesHow Do I Live
10,Spice Girls,Wannabe,1997,Spice GirlsWannabe
1,Next,Too Close,1998,NextToo Close
2,Brandy and Monica,The Boy Is Mine,1998,Brandy and MonicaThe Boy Is Mine
3,Shania Twain,You’re Still The One,1998,Shania TwainYou’re Still The One
4,Savage Garden,Truly Madly Deeply,1998,Savage GardenTruly Madly Deeply
5,LeAnn Rimes,How Do I Live,1998,LeAnn RimesHow Do I Live
6,Janet,Together Again,1998,JanetTogether Again
7,K-Ci and JoJo,All My Life,1998,K-Ci and JoJoAll My Life
8,Elton John,Candle In The Wind 1997,1998,Elton JohnCandle In The Wind 1997
9,Usher,Nice & Slow,1998,UsherNice & Slow
10,Paula Cole,I Don’t Want To Wait,1998,Paula ColeI Don’t Want To Wait
1,Cher,Believe,1999,CherBelieve
2,TLC,No Scrubs,1999,TLCNo Scrubs
3,Monica,Angel Of Mine,1999,MonicaAngel Of Mine
4,Whitney Houston,Heartbreak Hotel,1999,Whitney HoustonHeartbreak Hotel
5,Britney Spears,…Baby One More Time,1999,Britney Spears…Baby One More Time
6,Sixpence None The Richer,Kiss Me,1999,Sixpence None The RicherKiss Me
7,Christina Aguilera,Genie In A Bottle,1999,Christina AguileraGenie In A Bottle
8,Sugar Ray,Every Morning,1999,Sugar RayEvery Morning
9,Deborah Cox,Nobody’s Supposed To Be Here,1999,Deborah CoxNobody’s Supposed To Be Here
10,Ricky Martin,Livin’ La Vida Loca,1999,Ricky MartinLivin’ La Vida Loca
1,Faith Hill,Breathe,2000,Faith HillBreathe
2,Santana feat. Rob Thomas,Smooth,2000,Santana feat. Rob ThomasSmooth
3,Santana feat. The Product GandB,Maria Maria,2000,Santana feat. The Product GandBMaria Maria
4,Joe,I Wanna Know,2000,JoeI Wanna Know
5,Vertical Horizon,Everything You Want,2000,Vertical HorizonEverything You Want
6,Destiny’s Child,Say My Name,2000,Destiny’s ChildSay My Name
7,Savage Garden,I Knew I Loved You,2000,Savage GardenI Knew I Loved You
8,Lonestar,Amazed,2000,LonestarAmazed
9,matchbox twenty,Bent,2000,matchbox twentyBent
10,Toni Braxton,He Wasn’t Man Enough,2000,Toni BraxtonHe Wasn’t Man Enough
1,Lifehouse,Hanging By A Moment,2001,LifehouseHanging By A Moment
2,Alicia Keys,Fallin’,2001,Alicia KeysFallin’
3,Janet,All For You,2001,JanetAll For You
4,Train,Drops Of Jupiter (Tell Me),2001,TrainDrops Of Jupiter (Tell Me)
5,Jennifer Lopez feat. Ja Rule,I’m Real,2001,Jennifer Lopez feat. Ja RuleI’m Real
6,matchbox twenty,If You’re Gone,2001,matchbox twentyIf You’re Gone
7,Eve feat. Gwen Stefani,Let Me Blow Ya Mind,2001,Eve feat. Gwen StefaniLet Me Blow Ya Mind
8,Dido,Thank You,2001,DidoThank You
9,Lenny Kravitz,Again,2001,Lenny KravitzAgain
10,Destiny’s Child,Independent Women Part I,2001,Destiny’s ChildIndependent Women Part I
1,Nickelback,How Your Remind Me,2002,NickelbackHow Your Remind Me
2,Ashanti,Foolish,2002,AshantiFoolish
3,Nelly,Hot in Herre,2002,NellyHot in Herre
4,Nelly feat. Kelly Rowland,Dilemma,2002,Nelly feat. Kelly RowlandDilemma
5,The Calling,Wherever you Will Go,2002,The CallingWherever you Will Go
6,Vanessa Carlton,A Thousand Miles,2002,Vanessa CarltonA Thousand Miles
7,Linkin Park,In the End,2002,Linkin ParkIn the End
8,Fat Joe feat. Ashanti,What’s Luv?,2002,Fat Joe feat. AshantiWhat’s Luv?
9,Usher,U Got it Bad,2002,UsherU Got it Bad
10,Puddle Of Mudd,Blurry,2002,Puddle Of MuddBlurry
1,50 Cent,In Da Club,2003,50 CentIn Da Club
2,R. Kelly,Ignition,2003,R. KellyIgnition
3,Sean Paul,Get Busy,2003,Sean PaulGet Busy
4,Beyonce feat. Jay-Z,Crazy in Love,2003,Beyonce feat. Jay-ZCrazy in Love
5,3 Doors Down,When I’m Gone,2003,3 Doors DownWhen I’m Gone
6,matchbox twenty,Unwell,2003,matchbox twentyUnwell
7,Chingy,Right Thurr,2003,ChingyRight Thurr
8,Aaliyah,Miss You,2003,AaliyahMiss You
9,Kid Rock feat. Sheryl Crow,Picture,2003,Kid Rock feat. Sheryl CrowPicture
10,Evanescence feat. Paul McCoy,Bring me to Life,2003,Evanescence feat. Paul McCoyBring me to Life
1,Usher feat. Lil Jon and Ludacris,Yeah!,2004,Usher feat. Lil Jon and LudacrisYeah!
2,Usher,Burn,2004,UsherBurn
3,Alicia Keys,If I Ain’t Got You,2004,Alicia KeysIf I Ain’t Got You
4,Maroon5,This Love,2004,Maroon5This Love
5,OutKast feat. Sleepy Brown,The Way You Move,2004,OutKast feat. Sleepy BrownThe Way You Move
6,Hoobastank,The Reason,2004,HoobastankThe Reason
7,Mario Winans feat. Enya and P. Diddy,I Don’t Wanna Know,2004,Mario Winans feat. Enya and P. DiddyI Don’t Wanna Know
8,OutKast,Hey Ya!,2004,OutKastHey Ya!
9,Ciara feat. Petey Pablo,Goodies,2004,Ciara feat. Petey PabloGoodies
10,Terror Squad,Lean Back,2004,Terror SquadLean Back
1,Mariah Carey,We Belong Together,2005,Mariah CareyWe Belong Together
2,Gwen Stefani,Hollaback Girl,2005,Gwen StefaniHollaback Girl
3,Mario,Let Me Love You,2005,MarioLet Me Love You
4,Kelly Clarkson,Since U Been Gone,2005,Kelly ClarksonSince U Been Gone
5,Ciara feat. Missy Elliott,"1, 2 Step",2005,"Ciara feat. Missy Elliott1, 2 Step"
6,Kanye West feat. Jamie Foxx,Gold Digger,2005,Kanye West feat. Jamie FoxxGold Digger
7,Green Day,Boulevard of Broken Dreams,2005,Green DayBoulevard of Broken Dreams
8,50 Cent feat. Olivia,Candy Shop,2005,50 Cent feat. OliviaCandy Shop
9,The Pussycat Dolls feat. Busta Rhymes,Don’t Cha,2005,The Pussycat Dolls feat. Busta RhymesDon’t Cha
10,Kelly Clarkson,Behind These Hazel Eyes,2005,Kelly ClarksonBehind These Hazel Eyes
1,Daniel Powter,Bad Day,2006,Daniel PowterBad Day
2,Sean Paul,Temperature,2006,Sean PaulTemperature
3,Nelly Furtado feat. Timbaland,Promiscuous,2006,Nelly Furtado feat. TimbalandPromiscuous
4,James Blunt,You’re Beautiful,2006,James BluntYou’re Beautiful
5,Shakira feat. Wyclef Jean,Hips Don’t Lie,2006,Shakira feat. Wyclef JeanHips Don’t Lie
6,Natasha Bedingfield,Unwritten,2006,Natasha BedingfieldUnwritten
7,Gnarls Barkley,Crazy,2006,Gnarls BarkleyCrazy
8,Chamillionaire feat. Krayzie Bone,Ridin’,2006,Chamillionaire feat. Krayzie BoneRidin’
9,Justin Timberlake,Sexyback,2006,Justin TimberlakeSexyback
10,Beyonce feat. Slim Thug,Check on It,2006,Beyonce feat. Slim ThugCheck on It
1,Beyonce,Irreplaceable,2007,BeyonceIrreplaceable
2,Rihanna feat. Jay-Z,Umbrella,2007,Rihanna feat. Jay-ZUmbrella
3,Gwen Stefani feat. Akon,The Sweet Escape,2007,Gwen Stefani feat. AkonThe Sweet Escape
4,Fergie,Big Girls Don’t Cry,2007,FergieBig Girls Don’t Cry
5,T-Pain feat. Yung Joc,Buy U A Drank (Shawty Snappin’),2007,T-Pain feat. Yung JocBuy U A Drank (Shawty Snappin’)
6,Carrie Underwood,Before He Cheats,2007,Carrie UnderwoodBefore He Cheats
7,Plain White T’s,Hey There Delilah,2007,Plain White T’sHey There Delilah
8,Akon feat. Snoop Dogg,I Wanna Love You,2007,Akon feat. Snoop DoggI Wanna Love You
9,Nelly Furtado,Say It Right,2007,Nelly FurtadoSay It Right
10,Fergie feat. Ludacris,Glamorous,2007,Fergie feat. LudacrisGlamorous
1,Flo Rida feat. T-Pain,Low,2008,Flo Rida feat. T-PainLow
2,Leona Lewis,Bleeding Love,2008,Leona LewisBleeding Love
3,Alicia Keys,No One,2008,Alicia KeysNo One
4,Lil Wayne feat. Static Major,Lollipop,2008,Lil Wayne feat. Static MajorLollipop
5,Timbaland feat. OneRepublic,Apologize,2008,Timbaland feat. OneRepublicApologize
6,Jordin Sparks Duet With Chris Brown,No Air,2008,Jordin Sparks Duet With Chris BrownNo Air
7,Sara Bareilles,Love Song,2008,Sara BareillesLove Song
8,Usher feat. Young Jeezy,Love In This Club,2008,Usher feat. Young JeezyLove In This Club
9,Chris Brown,With You,2008,Chris BrownWith You
10,Chris Brown,Forever,2008,Chris BrownForever
1,The Black Eyed Peas,Boom Boom Pow,2009,The Black Eyed PeasBoom Boom Pow
2,Lady Gaga,Poker Face,2009,Lady GagaPoker Face
3,Lady Gaga feat. Colby O’Donis,Just Dance,2009,Lady Gaga feat. Colby O’DonisJust Dance
4,The Black Eyed Peas,I Gotta Feeling,2009,The Black Eyed PeasI Gotta Feeling
5,Taylor Swift,Love Story,2009,Taylor SwiftLove Story
6,Flo Rida,Right Round,2009,Flo RidaRight Round
7,Jason Mraz,I’m Yours,2009,Jason MrazI’m Yours
8,Beyonce,Single Ladies (Put A Ring On It),2009,BeyonceSingle Ladies (Put A Ring On It)
9,Kanye West,Heartless,2009,Kanye WestHeartless
10,The All-American Rejects,Gives You Hell,2009,The All-American RejectsGives You Hell
1,Ke$ha,TiK ToK,2010,Ke$haTiK ToK
2,Lady Antebellum,Need You Now,2010,Lady AntebellumNeed You Now
3,Train,"Hey, Soul Sister",2010,"TrainHey, Soul Sister"
4,Katy Perry feat. Snoop Dogg,California Gurls,2010,Katy Perry feat. Snoop DoggCalifornia Gurls
5,Usher feat. will.i.am,OMG,2010,Usher feat. will.i.amOMG
6,B.o.B feat. Hayley Williams,Airplanes,2010,B.o.B feat. Hayley WilliamsAirplanes
7,Eminem feat. Rihanna,Love The Way You Lie,2010,Eminem feat. RihannaLove The Way You Lie
8,Lady Gaga,Bad Romance,2010,Lady GagaBad Romance
9,Taio Cruz,Dynamite,2010,Taio CruzDynamite
10,Taio Cruz feat. Ludacris,Break Your Heart,2010,Taio Cruz feat. LudacrisBreak Your Heart
1,Adele,Rolling In The Deep,2011,AdeleRolling In The Deep
2,LMFAO feat. Lauren Bennett & GoonRock,Party Rock Anthem,2011,LMFAO feat. Lauren Bennett & GoonRockParty Rock Anthem
3,Katy Perry,Firework,2011,Katy PerryFirework
4,Katy Perry feat. Kanye West,E.T.,2011,Katy Perry feat. Kanye WestE.T.
5,"Pitbull feat. Ne-Yo, Afrojack & Nayer",Give Me Everything,2011,"Pitbull feat. Ne-Yo, Afrojack & NayerGive Me Everything"
6,Bruno Mars,Grenade,2011,Bruno MarsGrenade
7,Cee Lo Green,F**K You (Forget You),2011,Cee Lo GreenF**K You (Forget You)
8,Nicki Minaj,Super Bass,2011,Nicki MinajSuper Bass
9,Maroon 5 feat. Christina Aguilera,Moves Like Jagger,2011,Maroon 5 feat. Christina AguileraMoves Like Jagger
10,The Black Eyed Peas,Just Can’t Get Enough,2011,The Black Eyed PeasJust Can’t Get Enough
1,Gotye feat. Kimbra,Somebody That I Used To Know,2012,Gotye feat. KimbraSomebody That I Used To Know
2,Carly Rae Jepsen,Call Me Maybe,2012,Carly Rae JepsenCall Me Maybe
3,fun. feat. Janelle Monae,We Are Young,2012,fun. feat. Janelle MonaeWe Are Young
4,Maroon 5 feat. Wiz Khalifa,Payphone,2012,Maroon 5 feat. Wiz KhalifaPayphone
5,Ellie Goulding,Lights,2012,Ellie GouldingLights
6,The Wanted,Glad You Came,2012,The WantedGlad You Came
7,Kelly Clarkson,Stronger (What Doesn’t Kill You),2012,Kelly ClarksonStronger (What Doesn’t Kill You)
8,Rihanna feat. Calvin Harris,We Found Love,2012,Rihanna feat. Calvin HarrisWe Found Love
9,Nicki Minaj,Starships,2012,Nicki MinajStarships
10,One Direction,What Makes You Beautiful,2012,One DirectionWhat Makes You Beautiful
1,Macklemore and Ryan Lewis feat. Wanz,Thrift Shop,2013,Macklemore and Ryan Lewis feat. WanzThrift Shop
2,Robin Thicke feat. T.I. and Pharrell,Blurred Lines,2013,Robin Thicke feat. T.I. and PharrellBlurred Lines
3,Imagine Dragons,Radioactive,2013,Imagine DragonsRadioactive
4,Baauer,Harlem Shake,2013,BaauerHarlem Shake
5,Macklemore and Ryan Lewis feat. Ray Dalton,Can't Hold Us,2013,Macklemore and Ryan Lewis feat. Ray DaltonCan't Hold Us
6,Justin Timberlake,Mirrors,2013,Justin TimberlakeMirrors
7,P!nk feat. Nate Ruess,Just Give Me A Reason,2013,P!nk feat. Nate RuessJust Give Me A Reason
8,Bruno Mars,When I Was Your Man,2013,Bruno MarsWhen I Was Your Man
9,Florida Georgia Line feat. Nelly,Cruise,2013,Florida Georgia Line feat. NellyCruise
10,Katy Perry,Roar,2013,Katy PerryRoar
1,Pharrell Williams,Happy,2014,Pharrell WilliamsHappy
2,Katy Perry feat. Juicy J,Dark Horse,2014,Katy Perry feat. Juicy JDark Horse
3,John Legend,All Of Me,2014,John LegendAll Of Me
4,Iggy Azalea feat. Charli XCX,Fancy,2014,Iggy Azalea feat. Charli XCXFancy
5,OneRepublic,Counting Stars,2014,OneRepublicCounting Stars
6,Jason Derulo feat. 2 Chainz,Talk Dirty,2014,Jason Derulo feat. 2 ChainzTalk Dirty
7,MAGIC!,Rude,2014,MAGIC!Rude
8,Meghan Trainor,All About That Bass,2014,Meghan TrainorAll About That Bass
9,Ariana Grande feat. Iggy Azalea,Problem,2014,Ariana Grande feat. Iggy AzaleaProblem
10,Sam Smith,Stay With Me,2014,Sam SmithStay With Me
1,Mark Ronson feat. Bruno Mars,Uptown Funk!,2015,Mark Ronson feat. Bruno MarsUptown Funk!
2,Ed Sheeran,Thinking Out Loud,2015,Ed SheeranThinking Out Loud
3,Wiz Khalifa feat. Charlie Puth,See You Again,2015,Wiz Khalifa feat. Charlie PuthSee You Again
4,Fetty Wap,Trap Queen,2015,Fetty WapTrap Queen
5,Maroon 5,Sugar,2015,Maroon 5Sugar
6,Walk The Moon,Shut Up and Dance,2015,Walk The MoonShut Up and Dance
7,Taylor Swift,Blank Space,2015,Taylor SwiftBlank Space
8,Silento,Watch Me,2015,SilentoWatch Me
9,Weeknd,Earned It (Fifty Shades Of Grey),2015,WeekndEarned It (Fifty Shades Of Grey)
10,Weeknd,The Hills,2015,WeekndThe Hills
1,Justin Bieber,Love Yourself,2016,Justin BieberLove Yourself
2,Justin Bieber,Sorry,2016,Justin BieberSorry
3,Drake feat. WizKid and Kyla,One Dance,2016,Drake feat. WizKid and KylaOne Dance
4,Rihanna feat. Drake,Work,2016,Rihanna feat. DrakeWork
5,twenty one pilots,Stressed Out,2016,twenty one pilotsStressed Out
6,Desiigner,Panda,2016,DesiignerPanda
7,Adele,Hello,2016,AdeleHello
8,Chainsmokers feat. Daya,Don't Let Me Down,2016,Chainsmokers feat. DayaDon't Let Me Down
9,Justin Timberlake,Can't Stop The Feeling!,2016,Justin TimberlakeCan't Stop The Feeling!
10,Chainsmokers feat. Halsey,Closer,2016,Chainsmokers feat. HalseyCloser
