URI,Artist,Songs,Release Date,Popularity,Acousticness,Danceability,Energy,Instrumentalness,Loudness,Speechiness,Tempo,Valence,WH,War?,,,,,,,,,
spotify:track:79s3pSe1u6ggQBEwVPm58Z,Bobby Lewis,Tossin' And Turnin',1961,47,0.225,0.569,0.722,0,-8.914,0.0393,142.736,0.965,D,Peace,,,,,,,,,
spotify:track:6zFsz86nAj5gcvzyVqNL3k,Patsy Cline,I Fall To Pieces - Single Version,1961,58,0.917,0.481,0.0568,0,-20.508,0.0357,111.799,0.505,D,Peace,,,,,,,,,
spotify:track:45Szkclj1lt4ubm7RFK68t,Del Shannon,Runaway,1961,59,0.153,0.594,0.533,1.49E-05,-7.993,0.0438,78.552,0.729,D,Peace,,,,,,,,,
spotify:track:1paWReMsPIqKGEOxdlHT2D,The Jive Five,My True Story,1961,36,0.768,0.254,0.465,0,-7.421,0.0325,183.362,0.642,D,Peace,,,,,,,,,
spotify:track:2XPEv2sB6c44DSocT2TwAc,Chubby Checker,Pony Time,1961,29,0.00868,0.453,0.609,3.43E-05,-6.662,0.0296,77.36,0.96,D,Peace,,,,,,,,,
spotify:track:789lq0oHhOa4pHh2y9rjkN,The String-A-Longs,Wheels,1961,30,0.689,0.787,0.623,0.0932,-8.241,0.0359,128.327,0.869,D,Peace,,Democrat,Republican,,,,war,peace,
spotify:track:6CqTD9nWwf8R1yPVkIVdF5,Dee Clark,Raindrops,1961,18,0.452,0.381,0.719,0,-7.613,0.0494,114.086,0.563,D,Peace,,n=194,n=355,p value,,,195,n=355,
spotify:track:39e0LjVC05qRY15TMmWGMN,Mr. Acker Bilk & His Paramount Jazz Band,Stranger on the Shore,1962,6,0.988,0.405,0.0201,0.888,-23.027,0.0376,77.951,0.271,D,Peace,Popularity,51.89175258,58.16901408,0.0001,,Popularity,51.85051546,63.75625,0.0001
spotify:track:79nJj5dMyTsUzKvN5jUXsJ,Ray Charles,I Can't Stop Loving You,1962,56,0.815,0.31,0.279,0,-13.552,0.0308,79.397,0.377,D,Peace,,19.31985928,17.07509661,,,,17.17491015,14.07381568,
spotify:track:6jouZcdraQvsbh7SWkLEui,Dee Dee Sharp,Mashed Potato Time,1962,45,0.0705,0.674,0.473,4.79E-05,-7.193,0.0362,125.046,0.847,D,Peace,,,,,,,,,
spotify:track:0qYok0f8O5DE8yJSo146dn,Bobby Vinton,Roses Are Red (My Love) - Single Version,1962,51,0.828,0.515,0.218,0,-10.071,0.0287,102.997,0.534,D,Peace,Acousticness,0.438402706,0.323949028,0.0001,,Acousticness,0.447788789,0.211846088,0.0001
spotify:track:00vH2PsEQTGRyJYhyIyDbr,Various Artists,The Stripper,1962,33,0.658,0.483,0.46,0.924,-10.055,0.0282,94.185,0.564,D,Peace,,0.340840066,0.307488585,,,,0.336654836,0.132665738,
spotify:track:5j4CGIpT35ipZrF93ejrhl,Shelley Fabares,Johnny Angel - Single Version,1962,36,0.872,0.369,0.385,0,-9.132,0.0282,108.025,0.735,D,Peace,,,,,,,,,
spotify:track:1hClDWPgajpLIFjLOkFuau,Various Artists,The Loco-Motion - Single Version,1962,48,0.674,0.636,0.893,0.00143,-6.311,0.047,129.664,0.887,D,Peace,Danceability,0.582329897,0.628414085,0.011,,Danceability,0.595912371,0.66055625,0.0001
spotify:track:3ohLnESFgYACPMCkoTOzqE,Chubby Checker,The Twist,1962,56,0.202,0.533,0.638,0,-7.13,0.0341,156.663,0.937,D,Peace,,0.173650189,0.153620912,,,,0.161647661,0.132665738,
spotify:track:6g4Oyy8IwraOjPl7nqnROq,The Shirelles,Soldier Boy,1962,41,0.754,0.569,0.198,0.0002,-15.481,0.0265,97.595,0.622,D,Peace,,,,,,,,,
spotify:track:2nLLenueHlqs60IcDn9lan,The Fireballs,Sugar Shack,1963,49,0.225,0.792,0.804,5.01E-06,-7.484,0.0659,132.852,0.879,D,Peace,Energy,0.509042268,0.594396901,0.0001,,Energy,0.517438144,0.64623125,0.0001
spotify:track:0wz1LjDb9ZNEYwOmDJ3Q4b,The Beach Boys,Surfin' U.S.A. - Remastered,1963,71,0.661,0.55,0.854,0,-5.968,0.036,159.231,0.965,D,Peace,,0.215158116,0.218678543,,,,0.22246534,0.178391987,
spotify:track:5DTOOkooKFUvWj1XQTFa09,Skeeter Davis,The End of the World,1963,57,0.936,0.232,0.216,4.93E-06,-10.674,0.0314,94.268,0.432,D,Peace,,,,,,,,,
spotify:track:7GHf8dQ2wA71wYOuRsQCZP,The Cascades,Rhythm Of The Rain,1963,58,0.627,0.659,0.66,0.000217,-8.337,0.0441,116.634,0.672,D,Peace,Instrument,0.052567218,0.323949028,0.0001,,Instrument,0.043515755,0.024046109,0.0513
spotify:track:4QelFzhVgLomeQhvKrwM1S,Bobby Vinton,Blue Velvet,1963,60,0.862,0.376,0.246,0,-9.803,0.0286,80.167,0.282,D,Peace,,0.183650929,0.136346087,,,,0.156259266,0.117646121,
spotify:track:6MpCxTJNdkHIpvQRuID8zU,Various Artists,Hey Paula - Single Version,1963,41,0.784,0.506,0.258,0,-11.822,0.0293,109.595,0.544,D,Peace,,,,,,,,,
spotify:track:2JwLfiU13mnYuiqcqriOLl,The Village Stompers,Washington Square,1963,23,0.565,0.801,0.301,0.14,-12.197,0.0464,119.916,0.769,D,Peace,Loudness,-9.812505155,-8.697546479,0.0006,,Loudness,-9.80143299,-8.31095,0.0001
spotify:track:4pbG9SUmWIvsROVLF0zF9s,The Beatles,I Want To Hold Your Hand - Remastered 2015,1964,75,0.386,0.49,0.715,0,-5.549,0.0476,130.726,0.866,D,Peace,,3.374658847,3.795378284,,,,3.456229339,3.280009046,
spotify:track:6nEkxYIEnrbYH7h1hJ8Xn6,The Beatles,She Loves You - Mono / Remastered,1964,67,0.26,0.377,0.916,0,-3.199,0.0481,75.533,0.912,D,Peace,,,,,,,,,
spotify:track:63kd4m3VFxcJjPVVtbVNAu,Louis Armstrong,"Hello, Dolly!",1964,50,0.842,0,0.405,0.00114,-9.935,0,0,0,D,Peace,Speechniess,0.04505,0.064576056,0.0002,,Speechniess,0.048945361,0.061395,0.0122
spotify:track:48i055G1OT5KxGGftwFxWy,Roy Orbison,"Oh, Pretty Woman",1964,71,0.715,0.619,0.603,0,-9.481,0.0342,127.432,0.958,D,Peace,,0.029075887,0.068738964,,,,0.036420239,0.064013157,
spotify:track:3v9xlH6BpmRbqL7hgNJhfT,The Beach Boys,I Get Around (Mono),1964,65,0.36,0.39,0.625,0,-7.813,0.0537,144.338,0.514,D,Peace,,,,,,,,,
spotify:track:78VG6M1i7JQXBdygmWFwye,Dean Martin,Everybody Loves Somebody,1964,59,0.806,0.26,0.49,0,-9.121,0.0415,80.599,0.399,D,Peace,Tempo,114.1461546,116.0601831,0.4398,,Tempo,,,
spotify:track:4591VqUIXysNlmI5NcAIUd,Mary Wells,My Guy,1964,67,0.557,0.691,0.581,4.62E-05,-7.85,0.065,126.615,0.91,D,Peace,,29.07148754,26.88234182,,,,,,
spotify:track:48obzdkQV1biEq8cPsGLys,J. Frank Wilson & The Cavaliers,Last Kiss,1964,40,0.262,0.746,0.482,0,-7.919,0.0471,135.202,0.698,D,Peace,,,,,,,,,
spotify:track:69RH84na5iUNwrwxpgjC5j,The Supremes,Where Did Our Love Go,1964,66,0.745,0.552,0.481,3.43E-06,-10.764,0.0404,134.838,0.833,D,Peace,Valence,0.578537629,0.604039155,0.2672,,Valence,,,
spotify:track:5EdlwzcgIAYs2HGvOnczPN,Andy Gibb,I Just Want To Be Your Everything,1977,56,0.169,0.648,0.656,1.17E-05,-7.393,0.0345,97.093,0.831,D,Peace,,0.266251837,0.252423795,,,,,,
spotify:track:2M2WJ7gBlcKNxdhyfPp9zY,The Emotions,Best of My Love,1977,65,0.447,0.784,0.713,0.14,-6.865,0.0339,115.443,0.97,D,Peace,,,,,,,,,
spotify:track:2IcqY68BxP1ONPi3ME6aje,Barbra Streisand,"Evergreen (Love Theme from, ""A Star Is Born"")",1977,61,0.932,0.335,0.303,0.0271,-10.943,0.0315,114.224,0.186,D,Peace,,,,,,,,,
spotify:track:1qOwgAjki5VN0G2kXEUCLG,Various Artists,Angel in Your Arms,1977,19,0.626,0.615,0.389,0,-14.109,0.0698,81.336,0.723,D,Peace,,,,,,,,,
spotify:track:4wlRO5dyyO7jYrzs2PltV8,Kenny Nolan,I Like Dreamin' - Demo Version,1977,34,0.953,0.626,0.181,0.00769,-14.203,0.0394,123.911,0.253,D,Peace,,,,,,,,,
spotify:track:0M4IiNtcu6Ed0F1rY1Imzp,Various Artists,Don’t Leave Me This Way (Re-Recorded),1977,22,0.34,0.711,0.833,0,-7.092,0.094,120.015,0.637,D,Peace,,,,,,,,,
spotify:track:39iKJpLPhsDTOzH2lXliWF,Rita Coolidge,(Your Love Has Lifted Me) Higher And Higher,1977,41,0.0575,0.656,0.646,0.00464,-9.169,0.0336,117.586,0.75,D,Peace,,,,,,,,,
spotify:track:21jOt25HxvWACZoPQkOzJ7,Various Artists,Undercover Angel - Re-Recording,1977,24,0.321,0.672,0.527,0,-9.94,0.0374,103.122,0.797,D,Peace,,,,,,,,,
spotify:track:64PqvBqVyWABznKG6DXU6p,Various Artists,Torn Between Two Lovers,1977,43,0.728,0.55,0.376,0.000144,-11.426,0.0304,132.177,0.495,D,Peace,,,,,,,,,
spotify:track:3unwRUV5qbjMmH3NJtaODy,Andy Gibb,Shadow Dancing,1978,44,0.142,0.742,0.6,0,-9.647,0.0319,101.92,0.954,D,Peace,,,,,,,,,
spotify:track:3mRM4NM8iO7UBqrSigCQFH,Bee Gees,"Stayin' Alive - From ""Saturday Night Fever"" Soundtrack",1978,76,0.0322,0.703,0.826,0.00629,-7.179,0.0341,103.564,0.945,D,Peace,,,,,,,,,
spotify:track:3dFR132gzO8jxD57R2gid3,Debby Boone,You Light Up My Life,1978,56,0.831,0.333,0.367,1.19E-05,-10.06,0.0291,77.986,0.0685,D,Peace,,,,,,,,,
spotify:track:3mRM4NM8iO7UBqrSigCQFH,Bee Gees,"Stayin' Alive - From ""Saturday Night Fever"" Soundtrack",1978,76,0.0322,0.703,0.826,0.00629,-7.179,0.0341,103.564,0.945,D,Peace,,,,,,,,,
spotify:track:3FGcQkWQlkeB82RdZwlw8V,Exile,Kiss You All Over,1978,57,0.253,0.741,0.267,0.000447,-17.204,0.0285,102.428,0.497,D,Peace,,,,,,,,,
spotify:track:2JoZzpdeP2G6Csfdq5aLXP,Bee Gees,How Deep Is Your Love,1978,75,0.105,0.633,0.357,0,-9.366,0.0264,104.938,0.674,D,Peace,,,,,,,,,
spotify:track:2eRYuzlSOBk3HlMsCSOLPJ,Groove Armada,Baby Come Back,1978,54,0.0713,0.645,0.604,0,-9.904,0.118,156.436,0.545,D,Peace,,,,,,,,,
spotify:track:5WdF8jm3hBNi1t9qlqdjsE,Andy Gibb,(Love Is) Thicker Than Water,1978,43,0.129,0.586,0.463,7.08E-05,-9.929,0.0252,96.479,0.551,D,Peace,,,,,,,,,
spotify:track:0y0QpmcF1G3F79rjk3fjUx,A Taste Of Honey,Boogie Oogie Oogie - Single Version 2 / Remastered 1999,1978,51,0.0991,0.835,0.522,0.00184,-10.828,0.0916,123.934,0.91,D,Peace,,,,,,,,,
spotify:track:4ztwMHfPZhPoruZdBbgriM,Commodores,Three Times A Lady,1978,55,0.893,0.482,0.0766,0.000379,-20.634,0.0301,75.722,0.136,D,Peace,,,,,,,,,
spotify:track:1HOMkjp0nHMaTnfAkslCQj,The Knack,My Sharona,1979,73,0.0589,0.586,0.7,0.00125,-9.558,0.0363,147.245,0.897,D,Peace,,,,,,,,,
spotify:track:1ibRqifchaAfeNdQGpbRVW,Donna Summer,Bad Girls,1979,60,0.00387,0.857,0.7,0.0164,-14.506,0.0358,120.529,0.973,D,Peace,,,,,,,,,
spotify:track:3ClOMebBxeNTYCOfTH24YJ,CHIC,Le Freak - 2018 Remaster,1979,67,0.0258,0.91,0.641,6.42E-05,-11.316,0.0589,118.533,0.903,D,Peace,,,,,,,,,
spotify:track:4z7maGZkAonDlXlwo8q69f,Rod Stewart,Da Ya Think I'm Sexy?,1979,66,0.0143,0.715,0.689,0.000192,-8.065,0.029,111.504,0.852,D,Peace,,,,,,,,,
spotify:track:7wbPfd2mXbStoZZSnHNd2V,Peaches & Herb,Reunited,1979,53,0.857,0.561,0.501,0.0106,-9.544,0.0266,75.68,0.339,D,Peace,,,,,,,,,
spotify:track:7cv28LXcjAC3GsXbUvXKbX,Gloria Gaynor,I Will Survive - Single Version,1979,65,0.0181,0.775,0.731,0.00952,-8.715,0.0536,116.66,0.558,D,Peace,,,,,,,,,
spotify:track:2zMJN9JvDlvGP4jB03l1Bz,Donna Summer,Hot Stuff,1979,62,0.00559,0.823,0.743,0.0306,-13.98,0.0316,120.471,0.966,D,Peace,,,,,,,,,
spotify:track:4YOJFyjqh8eAcbKFfv88mV,Village People,Y.M.C.A.,1979,60,0.0302,0.755,0.785,0,-10.942,0.0622,126.445,0.763,D,Peace,,,,,,,,,
spotify:track:7GK2KVYH8FrTC9zehmjVMd,Anita Ward,Ring My Bell,1979,59,0.0661,0.781,0.556,0.0907,-13.067,0.0611,125.999,0.968,D,Peace,,,,,,,,,
spotify:track:3w3rLh6wmne91BS2rwgcog,Robert John,Sad Eyes - Remastered,1979,53,0.599,0.431,0.463,0.00282,-7.342,0.0268,107.19,0.687,D,Peace,,,,,,,,,
spotify:track:7HKxTNVlkHsfMLhigmhC0I,Blondie,Call Me,1980,65,0.000646,0.554,0.833,0.0025,-6.667,0.0347,142.673,0.773,D,Peace,,,,,,,,,
spotify:track:4gMgiXfqyzZLMhsksGmbQV,Pink Floyd,"Another Brick in the Wall, Pt. 2",1980,75,0.0781,0.694,0.394,0.000677,-15.881,0.0428,104.126,0.719,D,Peace,,,,,,,,,
spotify:track:56BSwBKWHYldQOgYLHiehs,Various Artists,Magic,1980,41,0.0177,0.7,0.618,2.87E-05,-5.992,0.0267,103.816,0.614,D,Peace,,,,,,,,,
spotify:track:7oOOI85fVQvVnK5ynNMdW7,Michael Jackson,Rock with You - Single Version,1980,72,0.179,0.808,0.535,9.91E-05,-12.521,0.0353,114.031,0.848,D,Peace,,,,,,,,,
spotify:track:0m4jVVZrsv0bLkAr1uM6UG,Captain & Tennille,Do That To Me One More Time,1980,61,0.549,0.728,0.527,0.000122,-8.223,0.0257,90.223,0.495,D,Peace,,,,,,,,,
spotify:track:35ItUJlMtjOQW3SSiTCrrw,Queen,Crazy Little Thing Called Love - Remastered 2011,1980,65,0.679,0.622,0.781,0,-6.756,0.0516,76.709,0.718,D,Peace,,,,,,,,,
spotify:track:4Ku6X72Q815qNd7ChuiDdD,Paul McCartney,Coming Up - Remastered 2011,1980,42,0.457,0.817,0.767,0.0723,-7.194,0.0468,128.93,0.878,D,Peace,,,,,,,,,
spotify:track:4vAeAdQuqHE8NYi1xrZzX8,Various Artists,Funkytown,1980,56,0.00239,0.898,0.543,0.415,-10.583,0.0629,122.133,0.254,D,Peace,,,,,,,,,
spotify:track:562JrM9b7jiu8LgzV62x3o,Bette Midler,The Rose,1980,63,0.901,0.347,0.228,0,-9.667,0.0296,133.574,0.184,D,Peace,,,,,,,,,
spotify:track:4eHbdreAnSOrDDsFfc4Fpm,Whitney Houston,I Will Always Love You,1993,74,0.844,0.306,0.214,5.30E-06,-12.518,0.0356,66.98,0.108,D,Peace,,,,,,,,,
spotify:track:4EEGHbMUyS07PNVXSGB7Qg,Tag Team,Whoomp! (There It Is),1993,58,0.00123,0.8,0.639,0,-7.406,0.0439,129.443,0.45,D,Peace,,,,,,,,,
spotify:track:5CdJveJgiGXoGwDFqF6afp,Silk,Freak Me,1993,58,0.0295,0.697,0.608,0,-10.976,0.0463,133.879,0.725,D,Peace,,,,,,,,,
spotify:track:71EHOyEOhNx1SzTebRRyng,SWV,Weak,1993,65,0.107,0.693,0.533,0,-10.954,0.0402,127.661,0.568,D,Peace,,,,,,,,,
spotify:track:1jCsCYgzQQHk3bDJDuFbNi,Shai,If I Ever Fall In Love,1993,55,0.779,0.525,0.221,0,-11.233,0.0317,36.71,0.415,D,Peace,,,,,,,,,
spotify:track:6HcQZfMrw3KwGyzrKw1Pjy,Mariah Carey,Dreamlover,1993,56,0.18,0.701,0.705,0,-6.18,0.0357,100.669,0.71,D,Peace,,,,,,,,,
spotify:track:4dY4JVC0Q9CwpeZ6JAclIc,Wreckx-N-Effect,Rump Shaker,1993,52,0.00277,0.885,0.81,0.0327,-6.83,0.235,102.773,0.247,D,Peace,,,,,,,,,
spotify:track:2LjiPAQOVazT8sRyXL3XRs,Snow,Informer,1993,64,0.0984,0.763,0.742,0,-10.975,0.188,98.145,0.483,D,Peace,,,,,,,,,
spotify:track:0hrBpAOgrt8RXigk83LLNE,Ace of Base,The Sign,1994,68,0.00928,0.808,0.786,0.0701,-6.897,0.0447,96.987,0.899,D,Peace,,,,,,,,,
spotify:track:4WUnM4KNZ0kjp0CUeoyOnS,All-4-One,I Swear,1994,65,0.235,0.532,0.407,0,-9.658,0.0233,83.207,0.23,D,Peace,,,,,,,,,
spotify:track:5kK1Iru9ogP3Iy1zsANU1n,Céline Dion,The Power of Love,1994,66,0.36,0.546,0.519,0.00046,-9.072,0.0291,140.054,0.247,D,Peace,,,,,,,,,
spotify:track:4FCb4CUbFCMNRkI6lYc1zI,Mariah Carey,Hero,1994,70,0.735,0.501,0.378,0,-9.37,0.029,119.987,0.178,D,Peace,,,,,,,,,
spotify:track:73QZwkXJa4BXj0Lbh82jxA,The Karaoke Channel,Karaoke - Stay (I Missed You),1994,2,0.718,0.64,0.415,0.0651,-11.656,0.045,155.921,0.299,D,Peace,,,,,,,,,
spotify:track:1xFliXOpcu7E89AsDAZ7JV,Toni Braxton,Breathe Again,1994,52,0.0704,0.689,0.677,0,-6.36,0.0326,153.919,0.259,D,Peace,,,,,,,,,
spotify:track:6kWJvPfC4DgUpRsXKNa9z9,Ace of Base,All That She Wants,1994,71,0.00547,0.798,0.625,7.98E-05,-9.689,0.0548,93.764,0.858,D,Peace,,,,,,,,,
spotify:track:6fFxKLyfNXqFewkQGOx89j,Coolio,Gangsta's Paradise 2k11 (Coolio vs Rico Bernasconi & Kylian Mash) - Montesano & Katuin Gangsta Club Mix,1995,1,0.000679,0.624,0.567,0.391,-8.749,0.0988,128.005,0.119,D,Peace,,,,,,,,,
spotify:track:6qspW4YKycviDFjHBOaqUY,TLC,Waterfalls,1995,71,0.311,0.77,0.505,7.40E-05,-7.345,0.0828,171.798,0.757,D,Peace,,,,,,,,,
spotify:track:1aWV3uY3SIEZVbmv45oFWS,TLC,Creep,1995,65,0.0193,0.811,0.458,1.41E-06,-9.688,0.0402,92.94,0.797,D,Peace,,,,,,,,,
spotify:track:3YKptz29AsOlm7WAVnztBh,Seal,Kiss from a Rose,1995,71,0.684,0.583,0.532,0,-7.11,0.0309,131.741,0.223,D,Peace,,,,,,,,,
spotify:track:7MYmo0JJJDmu4MZTSAF9y3,Boyz II Men,On Bended Knee,1995,57,0.413,0.626,0.532,0,-8.097,0.0351,116.621,0.197,D,Peace,,,,,,,,,
spotify:track:3pEuO9J2MTEmec8kUfYYvl,Real McCoy,Another Night,1995,59,0.0908,0.813,0.882,0.00457,-7.575,0.0402,125.983,0.874,D,Peace,,,,,,,,,
spotify:track:6xkryXuiZU360Lngd4sx13,Mariah Carey,Fantasy,1995,67,0.139,0.671,0.727,0,-7.585,0.035,102.358,0.801,D,Peace,,,,,,,,,
spotify:track:7izFzcBTx3DVXFeFYDeZKB,Madonna,Take a Bow,1995,51,0.341,0.549,0.408,0,-7.698,0.024,80.133,0.319,D,Peace,,,,,,,,,
spotify:track:6uQKuonTU8VKBz5SHZuQXD,Montell Jordan,This Is How We Do It,1995,65,0.0159,0.799,0.63,0,-9.279,0.0748,103.647,0.772,D,Peace,,,,,,,,,
spotify:track:28UMiBhn383n9S7GL4tsxD,Céline Dion,"Because You Loved Me (Theme from ""Up Close and Personal"")",1996,72,0.314,0.614,0.466,0,-9.881,0.0327,119.916,0.178,D,Peace,,,,,,,,,
spotify:track:2PsHIonOTmX6bSrzIJSjyS,The Tony Rich Project,Nobody Knows,1996,51,0.509,0.64,0.433,4.90E-06,-9.432,0.0374,176.086,0.25,D,Peace,,,,,,,,,
spotify:track:2aBxt229cbLDOvtL7Xbb9x,Mariah Carey,Always Be My Baby,1996,72,0.457,0.649,0.531,0,-8.335,0.0363,78.946,0.488,D,Peace,,,,,,,,,
spotify:track:4vDBJeeQCbhP9FaPPMsYkY,Tracy Chapman,Give Me One Reason,1996,68,0.602,0.608,0.419,7.58E-06,-10.016,0.0331,100.22,0.602,D,Peace,,,,,,,,,
spotify:track:5KSJ9k1FYjFLnIRlJT2wF8,Bone Thugs-N-Harmony,Tha Crossroads,1996,66,0.0856,0.679,0.509,0,-7.31,0.0617,144.29,0.534,D,Peace,,,,,,,,,
spotify:track:1PEqh7awkpuepLBSq8ZwqD,Donna Lewis,I Love You Always Forever,1996,69,0.627,0.744,0.453,0.421,-11.977,0.0348,103.773,0.122,D,Peace,,,,,,,,,
spotify:track:69QIVIjPMnI1ABLBqh9P1b,Keith Sweat,Twisted,1996,62,0.393,0.615,0.514,0,-9.759,0.0466,175.849,0.822,D,Peace,,,,,,,,,
spotify:track:3DUcaEvPO72PijivCjtZcU,Elton John,Candle In The Wind 1997,1997,41,0.979,0.447,0.306,0.0149,-8.047,0.0337,125.873,0.363,D,Peace,,,,,,,,,
spotify:track:5Ihd9HrPvOADyVoonH9ZjB,Toni Braxton,Un-Break My Heart,1997,68,0.413,0.625,0.426,0,-8.392,0.0271,110.018,0.112,D,Peace,,,,,,,,,
spotify:track:2RzJwBCXsS1VnjDm2jKKAa,R. Kelly,I Believe I Can Fly,1997,60,0.241,0.55,0.444,0,-7.588,0.0292,120.179,0.0438,D,Peace,,,,,,,,,
spotify:track:3jDdpx9PMlfMBS5tOBHFm9,Mark Morrison,Return of the Mack,1997,71,0.00631,0.715,0.833,0,-5.379,0.108,95.487,0.612,D,Peace,,,,,,,,,
spotify:track:7BD50ATrF3Vab5FQy7vtK8,LeAnn Rimes,How Do I Live,1997,66,0.128,0.577,0.462,0,-7.989,0.0279,128.303,0.258,D,Peace,,,,,,,,,
spotify:track:1Je1IMUlBXcx1Fz0WE7oPT,Spice Girls,Wannabe,1997,79,0.101,0.768,0.864,0,-6.145,0.0324,110.008,0.891,D,Peace,,,,,,,,,
spotify:track:5IFCyWplye09HytIP80RCF,Next,Too Close,1998,64,0.0118,0.847,0.402,0,-9.952,0.0641,99.693,0.752,D,Peace,,,,,,,,,
spotify:track:30lxTiMzVRxp6wLcTn6awC,Various Artists,The Boy Is Mine - Radio Edit,1998,18,0.246,0.693,0.665,0.0001,-7.235,0.0421,93.044,0.683,D,Peace,,,,,,,,,
spotify:track:013AWvizllIUEC2FOBzOnh,Savage Garden,Truly Madly Deeply,1998,73,0.403,0.555,0.698,0,-8.874,0.0287,168.12,0.816,D,Peace,,,,,,,,,
spotify:track:7BD50ATrF3Vab5FQy7vtK8,LeAnn Rimes,How Do I Live,1998,66,0.128,0.577,0.462,0,-7.989,0.0279,128.303,0.258,D,Peace,,,,,,,,,
spotify:track:1GrikfH0jDejDvrxo84n4P,Janet Jackson,Together Again,1998,66,0.0788,0.873,0.591,0.0071,-8.942,0.102,123.091,0.496,D,Peace,,,,,,,,,
spotify:track:5GorFaKkP2mLREQvhSblIg,K-Ci & JoJo,All My Life,1998,70,0.117,0.634,0.528,2.26E-06,-8.834,0.0309,128,0.18,D,Peace,,,,,,,,,
spotify:track:3DUcaEvPO72PijivCjtZcU,Elton John,Candle In The Wind 1997,1998,41,0.979,0.447,0.306,0.0149,-8.047,0.0337,125.873,0.363,D,Peace,,,,,,,,,
spotify:track:5L0KDoZklMgs9GPoonneEl,Usher,Nice & Slow,1998,62,0.153,0.819,0.299,0,-11.964,0.122,121.913,0.515,D,Peace,,,,,,,,,
spotify:track:5MDQNJ7SZTytJwCbWKqJDL,Paula Cole,I Don't Want to Wait,1998,61,0.298,0.41,0.468,1.19E-05,-8.177,0.0553,177.508,0.475,D,Peace,,,,,,,,,
spotify:track:2goLsvvODILDzeeiT4dAoR,Cher,Believe,1999,75,0.0082,0.652,0.917,0,-6.72,0.0548,132.975,0.459,D,Peace,,,,,,,,,
spotify:track:1KGi9sZVMeszgZOWivFpxs,TLC,No Scrubs,1999,79,0.0251,0.743,0.675,0.000717,-4.267,0.0953,92.909,0.59,D,Peace,,,,,,,,,
spotify:track:1AM1o0mKbgAK5oMpY8B3Z7,Monica,Angel of Mine - Radio Mix,1999,66,0.00373,0.592,0.562,3.23E-05,-6.869,0.0239,90.16,0.208,D,Peace,,,,,,,,,
spotify:track:4J9u7UsXH7F6sFI32KnYuP,Whitney Houston,Heartbreak Hotel (feat. Faith Evans & Kelly Price),1999,50,0.0477,0.724,0.535,0,-7.616,0.0588,133.816,0.664,D,Peace,,,,,,,,,
spotify:track:3MjUtNVVq3C8Fn0MP3zhXa,Britney Spears,...Baby One More Time,1999,75,0.202,0.759,0.699,0.000131,-5.745,0.0307,92.96,0.907,D,Peace,,,,,,,,,
spotify:track:754kgU5rWscRTfvlsuEwFp,Sixpence None The Richer,Kiss Me,1999,76,0.023,0.526,0.749,1.76E-06,-6.964,0.0283,99.982,0.421,D,Peace,,,,,,,,,
spotify:track:11mwFrKvLXCbcVGNxffGyP,Christina Aguilera,Genie In a Bottle,1999,71,0.21,0.627,0.8,0.000123,-6.945,0.162,175.815,0.912,D,Peace,,,,,,,,,
spotify:track:2ouURa1AIXp3AvkS52Jry5,Sugar Ray,Every Morning,1999,64,0.0834,0.833,0.679,0.00258,-4.496,0.0365,109.916,0.975,D,Peace,,,,,,,,,
spotify:track:0Ph6L4l8dYUuXFmb71Ajnd,Ricky Martin,Livin' la Vida Loca,1999,71,0.00411,0.425,0.954,0,-3.756,0.0476,178.043,0.933,D,Peace,,,,,,,,,
spotify:track:3y4LxiYMgDl4RethdzpmNe,Faith Hill,Breathe,2000,63,0.173,0.529,0.496,0,-9.007,0.029,136.859,0.278,D,Peace,,,,,,,,,
spotify:track:0n2SEXB2qoRQg171q7XqeW,Santana,Smooth (feat. Rob Thomas),2000,70,0.16,0.609,0.923,4.73E-06,-3.908,0.0338,115.996,0.961,D,Peace,,,,,,,,,
spotify:track:1m2xMsxbtxv21Brome189p,Joe,I Wanna Know,2000,64,0.26,0.725,0.487,1.09E-05,-5.959,0.0368,136.086,0.599,D,Peace,,,,,,,,,
spotify:track:4cKGldbhGJniI8BrB3K6tb,Vertical Horizon,Everything You Want,2000,64,0.0504,0.637,0.759,0,-6.389,0.0305,93.898,0.741,D,Peace,,,,,,,,,
spotify:track:6nozDLxeL0TE4MS9GqYU1v,Savage Garden,I Knew I Loved You,2000,65,0.32,0.61,0.497,6.11E-05,-9.88,0.0279,85.031,0.739,D,Peace,,,,,,,,,
spotify:track:6iNcyWk5iUEY7P9zeTc5hm,Lonestar,Amazed,2000,64,0.247,0.557,0.553,0,-7.954,0.0319,139.821,0.253,D,Peace,,,,,,,,,
spotify:track:6fA7akEuTUL3dW1V0GELaZ,Matchbox Twenty,Bent,2000,52,0.0404,0.518,0.83,3.85E-06,-6.814,0.0386,95.468,0.527,D,Peace,,,,,,,,,
spotify:track:7f1Dmr246cJ9uQYdbplTbh,Toni Braxton,He Wasn't Man Enough,2000,64,0.00947,0.739,0.947,2.99E-05,-1.915,0.0412,88.009,0.763,D,Peace,,,,,,,,,
spotify:track:30F5DTdI9dYwW69OEe0L56,Various Artists,Little Things Mean a Lot,1954,23,0.983,0.238,0.124,0.0123,-14.607,0.0349,63.519,0.193,R,Peace,,,,,,,,,
spotify:track:5tAipU3eQhBly8sJQyn5c8,Perry Como,Wanted (with Henri René & His Orchestra and Chorus),1954,27,0.879,0.36,0.232,2.08E-05,-11.214,0.029,72.773,0.427,R,Peace,,,,,,,,,
spotify:track:4YQU4nreaVr16nDq1uaI0E,Rosemary Clooney,Hey There,1954,23,0.428,0.558,0.219,0,-14.148,0.0587,119.57,0.395,R,Peace,,,,,,,,,
spotify:track:5ZqiHCo9WbLBLPTALP9aRC,Various Artists,Sh Boom (Life Could Be a Dream),1954,45,0.843,0.675,0.232,0,-12.821,0.102,64.44,0.598,R,Peace,,,,,,,,,
spotify:track:0EIEvpiVxoXEn5GZWvG1RT,Eddie Fisher,Oh! My Pa-Pa (O Mein Papa) - 2001 Remastered,1954,31,0.863,0.425,0.188,0,-9.927,0.0289,97.048,0.502,R,Peace,,,,,,,,,
spotify:track:1LvJvqApB38VYkZDoFfhxC,The Four Knights,I Get So Lonely (When I Dream About You),1954,30,0.729,0.798,0.314,0,-11.846,0.0432,111.889,0.968,R,Peace,,,,,,,,,
spotify:track:2vZNvA8PEvBdeWr4EkZjLG,The Four Aces,Three Coins In The Fountain,1954,26,0.476,0.38,0.21,2.32E-06,-12.898,0.0307,77.992,0.517,R,Peace,,,,,,,,,
spotify:track:2dX2phLETbjqZA0D78ms4T,Doris Day,Secret Love,1954,31,0.955,0.28,0.151,0.00107,-14.317,0.0355,76.222,0.176,R,Peace,,,,,,,,,
spotify:track:5HisVcYPaIB4uHdrnW6HCt,Pérez Prado,Cherry Pink And Apple Blossom White,1955,38,0.517,0.51,0.344,0.754,-13.14,0.0454,118.274,0.707,R,Peace,,,,,,,,,
spotify:track:1uRKT2LRANv4baowBWHfDS,Bill Haley & His Comets,(We're Gonna) Rock Around The Clock,1955,58,0.205,0.811,0.859,3.73E-06,-6.317,0.168,90.686,0.784,R,Peace,,,,,,,,,
spotify:track:7985fUI9WlsIIrQuO9TBDh,Mitch Miller,The Yellow Rose of Texas - Single Version,1955,30,0.835,0.788,0.878,8.79E-06,-8.834,0.041,100.064,0.929,R,Peace,,,,,,,,,
spotify:track:4AyqwjnbbWfFLPKL4UUSzU,Roger Williams,Autumn Leaves,1955,33,0.969,0.367,0.191,0.885,-20.623,0.0343,107.704,0.212,R,Peace,,,,,,,,,
spotify:track:4dnbvB2Y3cZncApCwowEQx,Les Baxter,Unchained Melody,1955,25,0.206,0.242,0.209,0.0289,-13.017,0.0324,93.267,0.221,R,Peace,,,,,,,,,
spotify:track:5koEBSDfDV8MQVN0tg67z5,The Four Aces,Love Is A Many-Splendored Thing,1955,35,0.761,0.237,0.316,0,-11.196,0.0336,82.911,0.29,R,Peace,,,,,,,,,
spotify:track:4bsND9IuJz18UtFx2MwwO8,The McGuire Sisters,Sincerely,1955,38,0.842,0.442,0.186,0,-10.438,0.0267,73.777,0.583,R,Peace,,,,,,,,,
spotify:track:1VbPvNOeKkkQGoMgeWeMzL,Georgia Gibbs,Dance With Me Henry (Wallflower),1955,9,0.899,0.661,0.593,4.61E-05,-11.039,0.164,138.046,0.75,R,Peace,,,,,,,,,
spotify:track:6xNwKNYZcvgV3XTIwsgNio,Elvis Presley,Heartbreak Hotel,1956,62,0.84,0.696,0.21,1.62E-06,-11.922,0.067,93.543,0.717,R,Peace,,,,,,,,,
spotify:track:07tMKurz0WxXRP7ktP2r8C,Nelson Riddle,Lisbon Antigua,1956,25,0.649,0.47,0.159,0.000708,-16.733,0.029,80.108,0.428,R,Peace,,,,,,,,,
spotify:track:1ntGJDSakqsaw1KhptKrB5,The Platters,My Prayer,1956,49,0.825,0.391,0.275,0,-8.259,0.0277,71.281,0.243,R,Peace,,,,,,,,,
spotify:track:2VqsUEpRPvgiiBdsBuQrJz,Gogi Grant,The Wayward Wind,1956,22,0.656,0.528,0.263,2.59E-06,-15.26,0.0357,138.437,0.569,R,Peace,,,,,,,,,
spotify:track:70gZnClysSHCBwI0H4qr5O,Les Baxter,The Poor People Of Paris (Jean's Song) - Single Version,1956,23,0.693,0.567,0.279,0.289,-11.763,0.0377,87.581,0.764,R,Peace,,,,,,,,,
spotify:track:6yhLR2sVn1IfsScVrR4ocr,Doris Day,"Whatever Will Be, Will Be (Que Sera, Sera) (with Frank DeVol & His Orchestra) - Single Version",1956,59,0.864,0.416,0.341,0,-10.749,0.0391,177.229,0.776,R,Peace,,,,,,,,,
spotify:track:64Ny7djQ6rNJspquof2KoX,Elvis Presley,Hound Dog,1956,68,0.733,0.357,0.756,0.00505,-8.492,0.0621,174.797,0.95,R,Peace,,,,,,,,,
spotify:track:4h0igWYayzteBtSNpWYQ9h,Dean Martin,Memories Are Made Of This,1956,53,0.918,0.611,0.179,0,-15.977,0.0488,133.073,0.556,R,Peace,,,,,,,,,
spotify:track:2qQF7Un1hKV40IJkFJ72TU,Various Artists,The Rock And Roll Waltz - Digitally Mastered 1988,1956,24,0.838,0.549,0.304,0,-11.183,0.0316,104.518,0.739,R,Peace,,,,,,,,,
spotify:track:5ueyLj6e6oVaTY0KQ6yLaA,Elvis Presley,All Shook Up,1957,59,0.881,0.624,0.468,6.35E-06,-12.162,0.132,74.139,0.952,R,Peace,,,,,,,,,
spotify:track:1eqGYJJr2z2GXK1i0hD3BC,Pat Boone,Love Letters In The Sand - Single Version,1957,50,0.811,0.571,0.196,0,-13.216,0.0278,88.728,0.555,R,Peace,,,,,,,,,
spotify:track:7ycFNferNuk6wAjBa0vWvl,The Diamonds,Little Darlin',1957,52,0.536,0.631,0.587,0.29,-11.402,0.042,152.851,0.664,R,Peace,,,,,,,,,
spotify:track:1gA4f2lkenxCcWLPjKRV0N,Jimmy Dorsey,So Rare - Remastered,1957,21,0.776,0.539,0.562,0.0179,-6.497,0.0299,87.995,0.659,R,Peace,,,,,,,,,
spotify:track:6DoXmlpsO3f5eEDKQYEeTq,Guy Mitchell,Singing the Blues - Rerecorded,1957,25,0.538,0.657,0.496,0,-11.493,0.0437,142.862,0.724,R,Peace,,,,,,,,,
spotify:track:7ow0KcdNRitEedvwQNTd6S,Sonny James,Young Love,1957,40,0.752,0.455,0.244,9.52E-06,-16.097,0.041,146.483,0.383,R,Peace,,,,,,,,,
spotify:track:6Dr0EbXrRpMs5GeCjOxnE5,Elvis Presley,Too Much,1957,49,0.776,0.546,0.815,0,-5.607,0.047,118.489,0.906,R,Peace,,,,,,,,,
spotify:track:6hdPYYPHJz6IPuH4KayU1d,Perry Como,Round and Round (with Mitchell Ayres and His Orchestra & The Ray Charles Singers),1957,31,0.913,0.707,0.452,0,-12.264,0.0732,117.605,0.764,R,Peace,,,,,,,,,
spotify:track:2IKvYPWeWZufWdh3n306sK,Luciano Pavarotti,"Nel blu, dipinto di blu (Volare)",1958,21,0.955,0.371,0.189,3.67E-06,-14.662,0.0405,128.956,0.476,R,Peace,,,,,,,,,
spotify:track:48skOMMuEQSfwo0JZpfqjk,Various Artists,Witch Doctor - Classic Version,1958,25,0.455,0.6,0.742,0,-4.752,0.0604,138.227,0.84,R,Peace,,,,,,,,,
spotify:track:205EtD8tQnHDXMkmtYiaHF,Pérez Prado,Patricia,1958,38,0.0862,0.704,0.638,0.251,-9.522,0.0457,137.396,0.837,R,Peace,,,,,,,,,
spotify:track:5gJKsGij5oGt5H5RSFYXPa,The Champs,Tequila,1958,60,0.121,0.671,0.742,0.679,-9.912,0.0441,89.748,0.897,R,Peace,,,,,,,,,
spotify:track:6YAgmqaeo8Fm3pne8OJEBo,Dean Martin,Return To Me (Ritorna-Me) - 1997 Remaster,1958,47,0.966,0.267,0.205,0.00203,-13.75,0.0348,88.584,0.178,R,Peace,,,,,,,,,
spotify:track:0dwpdcQkeZqpuoAPYD49N3,Johnny Horton,The Battle Of New Orleans,1959,51,0.764,0.703,0.776,0,-10.983,0.139,177.283,0.921,R,Peace,,,,,,,,,
spotify:track:3E5ndyOfO6vFDEIE42HA8o,Bobby Darin,Mack the Knife,1959,58,0.76,0.549,0.529,0,-12.291,0.108,82.755,0.464,R,Peace,,,,,,,,,
spotify:track:5vjigjfoXuJEttqLB3HTAg,Lloyd Price,Personality,1959,47,0.723,0.588,0.449,0,-8.782,0.0339,128.929,0.889,R,Peace,,,,,,,,,
spotify:track:0DDkW8j34M5hvxj79uGmK7,Frankie Avalon,Venus,1959,45,0.732,0.558,0.483,2.76E-05,-10.229,0.0291,115.184,0.745,R,Peace,,,,,,,,,
spotify:track:4kh2S9hRpPvoF9JkwZcYGN,Paul Anka,Lonely Boy,1959,43,0.352,0.623,0.605,0,-9.923,0.0306,106.163,0.804,R,Peace,,,,,,,,,
spotify:track:1KLpjQFgubHI3GkAICCNH3,Bobby Darin,Dream Lover,1959,60,0.715,0.526,0.774,0,-1.692,0.0459,131.715,0.715,R,Peace,,,,,,,,,
spotify:track:5xghdTMuqQPqtDJ0bn3zkn,The Browns,The Three Bells (Les Trois Cloches) (feat. Jim Ed Brown),1959,34,0.83,0.455,0.327,0,-10.113,0.0328,106.303,0.324,R,Peace,,,,,,,,,
spotify:track:603N4XGJUTbK760GLCvIIs,The Fleetwoods,Come Softly To Me,1959,52,0.93,0.601,0.095,0.000285,-18.478,0.0374,122.975,0.672,R,Peace,,,,,,,,,
spotify:track:4GvyP7CnBJEV2t7L7vOkjw,Wilbert Harrison,Kansas City,1959,45,0.653,0.727,0.665,0.233,-6.453,0.0352,114.979,0.912,R,Peace,,,,,,,,,
spotify:track:6bnFjTW3EnMG4BwreDnSHK,The Fleetwoods,Mr. Blue,1959,52,0.931,0.374,0.0889,6.88E-06,-17.475,0.0356,96.677,0.211,R,Peace,,,,,,,,,
spotify:track:2kKL5kk4On8YRSKWDgXWMX,Percy Faith & His Orchestra,"The Theme from ""A Summer Place"" - Single Version",1960,52,0.631,0.466,0.389,0.843,-12.825,0.0253,92.631,0.749,R,Peace,,,,,,,,,
spotify:track:1RYznli2VNO7FCbW1Hq4KM,Johnny Preston,Running Bear,1960,40,0.854,0.772,0.297,7.59E-06,-14.679,0.053,119.987,0.822,R,Peace,,,,,,,,,
spotify:track:36NPEs4S7ik50NrlzaqoIJ,Various Artists,Teen Angel,1960,25,0.936,0.57,0.0636,0,-18.548,0.0459,101.517,0.282,R,Peace,,,,,,,,,
spotify:track:1CUN9HpU25ymyCh5dBCygu,Jimmy Jones,Handy Man,1960,28,0.376,0.452,0.644,0,-9.061,0.049,144.995,0.854,R,Peace,,,,,,,,,
spotify:track:39zODpVtRvghMyfNjZ3BVK,Elvis Presley,Stuck on You,1960,59,0.758,0.647,0.513,8.64E-06,-12.372,0.0421,131.641,0.955,R,Peace,,,,,,,,,
spotify:track:3ohLnESFgYACPMCkoTOzqE,Chubby Checker,The Twist,1960,56,0.202,0.533,0.638,0,-7.13,0.0341,156.663,0.937,R,Peace,,,,,,,,,
spotify:track:1vZTgn4JXWMahR8r99ug5H,Barbra Streisand,The Way We Were,1974,53,0.885,0.264,0.32,0.00141,-11.716,0.0325,138.108,0.171,R,Peace,,,,,,,,,
spotify:track:0X3d9gx7UDYgcwwkgTeNLR,Various Artists,Seasons in the Sun,1974,51,0.777,0.678,0.611,0,-8.306,0.0506,98.949,0.821,R,Peace,,,,,,,,,
spotify:track:7GVUmCP00eSsqc4tzj1sDD,Redbone,Come and Get Your Love - Single Version,1974,78,0.172,0.731,0.804,0.00028,-7.621,0.0473,107.383,0.957,R,Peace,,,,,,,,,
spotify:track:0xqb2Euq1PAxKHBA36NUnx,The Jackson 5,Dancing Machine,1974,55,0.133,0.776,0.794,2.35E-05,-7.722,0.0723,109.277,0.845,R,Peace,,,,,,,,,
spotify:track:0PxYWaGiwWtcuL1VIMiEW4,Grand Funk Railroad,The Loco-Motion - Remastered 2002,1974,45,0.375,0.456,0.933,0,-5.212,0.153,125.051,0.367,R,Peace,,,,,,,,,
spotify:track:6B9tR2OEurD4FsZM5btj3X,MFSB,TSOP (The Sound of Philadelphia) - Extended Version,1974,27,0.0739,0.723,0.853,0.226,-8.296,0.0295,114.268,0.965,R,Peace,,,,,,,,,
spotify:track:3HiIBzaoBkOTLmRYkdsusv,Ray Stevens,The Streak - 1974 #1Pop; #3Country Billboard Chart Hit,1974,38,0.637,0.698,0.526,0,-14.338,0.298,119.827,0.763,R,Peace,,,,,,,,,
spotify:track:0dBatXn1vVUl0jLgXRClwD,Elton John,Bennie And The Jets - Remastered 2014,1974,71,0.259,0.665,0.673,7.62E-06,-7.95,0.0493,132.642,0.779,R,Peace,,,,,,,,,
spotify:track:7Eq6uD4xcTs4Ddmyv6Ttjs,Mac Davis,One Hell Of A Woman,1974,24,0.344,0.634,0.428,0.00253,-16.536,0.0471,120.161,0.61,R,Peace,,,,,,,,,
spotify:track:4pCNJwixy2ImFncaPY2yE2,Captain & Tennille,Love Will Keep Us Together,1975,58,0.367,0.63,0.777,0,-4.337,0.0312,129.619,0.928,R,Peace,,,,,,,,,
spotify:track:0VwTeYNjcl30DyQlt3GPe0,Glen Campbell,Rhinestone Cowboy,1975,58,0.102,0.644,0.633,6.82E-05,-8.006,0.0261,115.191,0.647,R,Peace,,,,,,,,,
spotify:track:2hl9ONQ7YGgZGYx0OSHvIq,Elton John,Philadelphia Freedom,1975,58,0.0444,0.712,0.681,0.000235,-6.351,0.0294,125.497,0.809,R,Peace,,,,,,,,,
spotify:track:3awuorsQsio2PUOvzq3hpd,Freddy Fender,Before the Next Teardrop Falls,1975,47,0.748,0.799,0.345,2.39E-05,-11.52,0.0276,90.417,0.776,R,Peace,,,,,,,,,
spotify:track:2yDQVcj26tpi9IUJhw9xDs,Frankie Valli,My Eyes Adored You,1975,57,0.238,0.461,0.499,0,-10.443,0.0316,137.687,0.387,R,Peace,,,,,,,,,
spotify:track:0RgcOUQg4qYAEt9RIdf3oB,"Earth, Wind & Fire",Shining Star,1975,61,0.668,0.676,0.692,0.00915,-13.093,0.052,102.516,0.799,R,Peace,,,,,,,,,
spotify:track:1PehfITh0TTRx3LkDdV4h3,David Bowie,Fame - 2016 Remaster,1975,58,0.454,0.786,0.555,0.0173,-10.276,0.0471,95.1,0.673,R,Peace,,,,,,,,,
spotify:track:2ozTcQyZQmm9tSmc4VZfwU,Neil Sedaka,Laughter In The Rain,1975,51,0.358,0.507,0.627,0.00167,-9.439,0.0241,101.023,0.95,R,Peace,,,,,,,,,
spotify:track:608xszaAxVh4m7NcKJiAbF,Eagles,One of These Nights - 2013 Remaster,1975,68,0.0603,0.655,0.606,0.0789,-10.385,0.0285,110.061,0.765,R,Peace,,,,,,,,,
spotify:track:69HICMmc6nNLucAx3aJX9M,John Denver,Thank God I'm a Country Boy,1975,63,0.785,0.762,0.537,0.000669,-9.58,0.0478,105.603,0.958,R,Peace,,,,,,,,,
spotify:track:3bC0IKk62yB6TDaratb1s2,Wings,Silly Love Songs - 1993 Digital Remaster,1976,58,0.184,0.739,0.335,0.244,-16.23,0.0346,125.11,0.818,R,Peace,,,,,,,,,
spotify:track:1tMyqN7bNCokdg7jWgKPc8,Johnnie Taylor,Disco Lady,1976,35,0.0568,0.719,0.79,0,-8.002,0.0521,103.751,0.846,R,Peace,,,,,,,,,
spotify:track:1WoFmc10jNDFmkoiaG1kYK,Various Artists,"December, 1963 (Oh What a Night!)",1976,63,0.0569,0.728,0.592,3.23E-06,-9.518,0.0251,104.407,0.965,R,Peace,,,,,,,,,
spotify:track:5uuJruktM9fMdN9Va0DUMl,Wild Cherry,Play That Funky Music,1976,66,0.0435,0.814,0.672,0,-12.068,0.0619,109.394,0.933,R,Peace,,,,,,,,,
spotify:track:0rHiGIRASJq8snJGFJMpnI,The Manhattans,Kiss and Say Goodbye,1976,55,0.555,0.645,0.42,0,-10.09,0.0624,129.084,0.583,R,Peace,,,,,,,,,
spotify:track:6Qb7gtV6Q4MnUjSbkFcopl,Paul Simon,50 Ways to Leave Your Lover,1976,67,0.166,0.815,0.372,0.000116,-12.814,0.0752,101.684,0.293,R,Peace,,,,,,,,,
spotify:track:5vVuiXoHyRGxJeCaHUpgae,Gary Wright,Love Is Alive,1976,48,0.0614,0.77,0.553,0.00106,-13.632,0.0268,98.346,0.904,R,Peace,,,,,,,,,
spotify:track:0odIT9B9BvOCnXfS0e4lB5,Kim Carnes,Bette Davis Eyes,1981,71,0.0204,0.675,0.649,0,-10.271,0.0319,116.624,0.596,R,Peace,,,,,,,,,
spotify:track:5Pj5zrq2nbKcAekH1AxbrO,Kenny Rogers,Lady,1981,58,0.861,0.362,0.183,0.000234,-16,0.0347,136.646,0.2,R,Peace,,,,,,,,,
spotify:track:5y0YreEOnQiKFAnCrcFIXz,John Lennon,(Just Like) Starting Over,1981,54,0.301,0.701,0.79,6.06E-05,-6.16,0.0725,99.104,0.421,R,Peace,,,,,,,,,
spotify:track:3K7Q9PHUWPTaknlbFPThn2,Kool & The Gang,Celebration,1981,62,0.13,0.894,0.642,0.028,-11.854,0.0589,121.654,0.898,R,Peace,,,,,,,,,
spotify:track:7cDzJyC95jtGO9zAeZsWOg,Daryl Hall & John Oates,Kiss on My List,1981,60,0.434,0.815,0.741,0.111,-9.478,0.031,121.221,0.965,R,Peace,,,,,,,,,
spotify:track:0zvNHIL7ci0ZzIoWU6RO2u,Eddie Rabbitt,I Love a Rainy Night,1981,59,0.122,0.685,0.718,0,-7.724,0.0521,131.463,0.958,R,Peace,,,,,,,,,
spotify:track:4w3tQBXhn5345eUXDGBWZG,Dolly Parton,9 to 5,1981,75,0.416,0.554,0.783,1.54E-06,-5.852,0.0457,105.39,0.813,R,Peace,,,,,,,,,
spotify:track:4rcHWl68ai6KvpXlc8vbnE,REO Speedwagon,Keep on Loving You - Remastered,1981,70,0.0519,0.306,0.722,0,-5.963,0.034,174.732,0.41,R,Peace,,,,,,,,,
spotify:track:3hVrI7snZMTmHCnbwME47u,Olivia Newton-John,Physical,1982,56,0.0728,0.839,0.633,3.07E-05,-11.353,0.0445,123.816,0.839,R,Peace,,,,,,,,,
spotify:track:2KH16WveTQWT6KOG9Rg6e2,Various Artists,Eye of the Tiger,1982,75,0.132,0.817,0.599,0.000311,-9.249,0.0328,108.873,0.548,R,Peace,,,,,,,,,
spotify:track:2Cdvbe2G4hZsnhNMKyGrie,Joan Jett & The Blackhearts,I Love Rock 'N Roll,1982,71,0.326,0.535,0.716,0,-5.025,0.0431,94.379,0.901,R,Peace,,,,,,,,,
spotify:track:1ynmMEK1fkyiZ6Z6F3ThEt,The J. Geils Band,Centerfold,1982,71,0.249,0.653,0.677,0,-12.244,0.0396,114.37,0.888,R,Peace,,,,,,,,,
spotify:track:43btz2xjMKpcmjkuRsvxyg,John Mellencamp,Jack & Diane,1982,73,0.044,0.807,0.419,4.99E-06,-8.189,0.0426,103.967,0.613,R,Peace,,,,,,,,,
spotify:track:67eX1ovaHyVPUinMHeUtIM,John Mellencamp,Hurts So Good,1982,69,0.0475,0.812,0.724,4.50E-05,-5.321,0.0355,125.437,0.969,R,Peace,,,,,,,,,
spotify:track:2E2ZVy2fxslpAUgbb4zu84,Steve Miller Band,Abracadabra,1982,53,0.0749,0.791,0.535,1.96E-06,-13.261,0.0355,127.488,0.963,R,Peace,,,,,,,,,
spotify:track:07TnWCHrFkvF61GzJuLVt0,Chicago,Hard to Say I'm Sorry / Get Away - 2006 Remaster,1982,67,0.056,0.398,0.57,0.00125,-7.068,0.034,140.974,0.234,R,Peace,,,,,,,,,
spotify:track:1JSTJqkT5qHq8MDJnJbRE1,The Police,Every Breath You Take,1983,82,0.543,0.82,0.452,0.00294,-9.796,0.0348,117.401,0.74,R,Peace,,,,,,,,,
spotify:track:5ChkMS8OtdzJeqyybCc9R5,Michael Jackson,Billie Jean,1983,80,0.0236,0.92,0.654,0.0158,-3.051,0.0401,117.046,0.847,R,Peace,,,,,,,,,
spotify:track:0FIQjzPGk8eJd1cDRHRFWb,Irene Cara,Flashdance... What A Feeling,1983,48,0.124,0.644,0.624,4.22E-06,-8.137,0.0363,124.917,0.578,R,Peace,,,,,,,,,
spotify:track:46RVKt5Edm1zl0rXhPJZxz,Men At Work,Down Under,1983,73,0.0485,0.746,0.79,0.0261,-4.7,0.0257,107.231,0.891,R,Peace,,,,,,,,,
spotify:track:1OOtq8tRnDM8kG2gqUPjAj,Michael Jackson,Beat It - Single Version,1983,76,0.0491,0.779,0.867,7.98E-06,-3.704,0.0457,138.858,0.915,R,Peace,,,,,,,,,
spotify:track:5prTs2HAw2G4idHZyeFp8o,Bonnie Tyler,Total Eclipse of the Heart,1983,74,0.195,0.435,0.658,0,-8.179,0.0661,130.276,0.184,R,Peace,,,,,,,,,
spotify:track:7j74lucZ59vqN67Ipe2ZcY,Daryl Hall & John Oates,Maneater,1983,73,0.0406,0.723,0.499,9.44E-05,-13.082,0.0421,88.825,0.828,R,Peace,,,,,,,,,
spotify:track:0QKfiqpEU4h9ycPSzIFwYe,Various Artists,Maniac,1983,69,0.0891,0.617,0.533,4.04E-06,-11.516,0.0651,158.86,0.835,R,Peace,,,,,,,,,
spotify:track:1TfqLAPs4K3s2rJMoCokcS,Eurythmics,Sweet Dreams (Are Made of This) - Remastered,1983,80,0.227,0.692,0.711,0,-7.498,0.0317,125.135,0.875,R,Peace,,,,,,,,,
spotify:track:51H2y6YrNNXcy3dfc3qSbA,Prince,When Doves Cry,1984,69,0.0102,0.729,0.989,4.45E-05,-4.613,0.049,126.47,0.84,R,Peace,,,,,,,,,
spotify:track:6W2VbtvMrDXm5vYeB7amkO,Kenny Loggins,Footloose,1984,69,0.0819,0.546,0.895,1.42E-05,-7.189,0.0579,174.089,0.494,R,Peace,,,,,,,,,
spotify:track:63CHa6rmamv9OsehkRD8oz,Phil Collins,Against All Odds (Take a Look at Me Now) - 2016 Remaster,1984,71,0.198,0.58,0.498,0,-6.901,0.0277,116.271,0.111,R,Peace,,,,,,,,,
spotify:track:7N3PAbqfTjSEU1edb2tY8j,Van Halen,Jump - 2015 Remaster,1984,77,0.171,0.572,0.835,0.000376,-6.219,0.0317,129.994,0.796,R,Peace,,,,,,,,,
spotify:track:0mHyWYXmmCB9iQyK18m3FQ,Lionel Richie,Hello,1984,58,0.401,0.562,0.244,0,-14.068,0.0374,61.881,0.0563,R,Peace,,,,,,,,,
spotify:track:0GTK6TesV108Jj5D3MHsYb,Yes,Owner of a Lonely Heart,1984,68,0.306,0.695,0.746,0.00524,-8.12,0.0387,125.123,0.885,R,Peace,,,,,,,,,
spotify:track:300zfRaCgTmEm5Eqe3HqZZ,"Ray Parker, Jr.","Ghostbusters - from the Original Motion Picture ""Ghostbusters""",1984,63,0.0125,0.779,0.717,0.0536,-9.7,0.0335,115.384,0.789,R,Peace,,,,,,,,,
spotify:track:2wSAWEYUHkt92X4SBAPqZE,Culture Club,Karma Chameleon - Remastered,1984,73,0.225,0.668,0.73,0,-7.182,0.0366,92.049,0.894,R,Peace,,,,,,,,,
spotify:track:1ZPlNanZsJSPK5h9YZZFbZ,Madonna,Like a Virgin,1985,70,0.202,0.773,0.656,0.00323,-10.88,0.0381,119.754,0.971,R,Peace,,,,,,,,,
spotify:track:0ikz6tENMONtK6qGkOrU3c,Wham!,Wake Me up Before You Go-Go,1985,78,0.272,0.62,0.574,0,-11.893,0.0421,81.548,0.9,R,Peace,,,,,,,,,
spotify:track:1JLn8RhQzHz3qDqsChcmBl,Foreigner,I Want to Know What Love Is - 1999 Remaster,1985,76,0.193,0.477,0.471,1.76E-06,-10.036,0.0277,81.204,0.423,R,Peace,,,,,,,,,
spotify:track:5yR9u8QiOt8hJaddv32oo7,Chaka Khan,I Feel for You,1985,57,0.012,0.794,0.925,0.319,-3.778,0.0625,124.884,0.931,R,Peace,,,,,,,,,
spotify:track:4RvWPyQ5RL0ao9LPZeSouE,Tears For Fears,Everybody Wants To Rule The World,1985,79,0.372,0.638,0.8,0.00553,-12.077,0.0572,112.055,0.569,R,Peace,,,,,,,,,
spotify:track:4yqtwO7MQIIXqoiRBPHAgR,Dire Straits,Money for Nothing,1985,61,0.0491,0.667,0.655,0.000894,-9.339,0.0367,134.212,0.657,R,Peace,,,,,,,,,
spotify:track:6B4oVElDIKRNcNUary0WG7,Madonna,Crazy for You,1985,57,0.107,0.662,0.719,0,-6.606,0.0298,95.001,0.511,R,Peace,,,,,,,,,
spotify:track:2WfaOiMkCvy7F5fcp2zZ8L,a-ha,Take on Me,1985,82,0.018,0.573,0.902,0.00125,-7.638,0.054,84.412,0.876,R,Peace,,,,,,,,,
spotify:track:17CPezzLWzvGfpZW6X8XT0,Lionel Richie,"Say You, Say Me",1986,70,0.367,0.64,0.406,0,-11.129,0.0274,128.026,0.233,R,Peace,,,,,,,,,
spotify:track:3d6UefBBvhqHxJLZdm8scF,Klymaxx,I Miss You,1986,34,0.477,0.548,0.356,0,-18.149,0.036,139.536,0.277,R,Peace,,,,,,,,,
spotify:track:78FHUZRbFDCG6VkRAQdFLm,Mr. Mister,Broken Wings,1986,61,0.134,0.286,0.5,4.57E-05,-14.281,0.0357,99.162,0.443,R,Peace,,,,,,,,,
spotify:track:5tdKaKLnC4SgtDZ6RlWeal,Whitney Houston,How Will I Know,1986,68,0.201,0.832,0.544,0.000139,-12.697,0.0442,119.49,0.928,R,Peace,,,,,,,,,
spotify:track:6N5DRCQUSXT1qQqmqsO92B,Eddie Murphy,Party All the Time,1986,58,0.0098,0.699,0.696,0.000345,-13.045,0.0458,135.027,0.673,R,Peace,,,,,,,,,
spotify:track:2VN7uPrbryJ7nE2MXX3f9a,Survivor,"Burning Heart - From ""Rocky IV"" Soundtrack",1986,60,0.298,0.652,0.609,8.79E-06,-9.684,0.028,98.125,0.646,R,Peace,,,,,,,,,
spotify:track:5BXj1QDRU77J1ngVavG1tI,Mr. Mister,Kyrie,1986,55,0.287,0.489,0.676,0,-8.769,0.0367,89.735,0.623,R,Peace,,,,,,,,,
spotify:track:5izGeTxueiFX1UPFGohY9w,Robert Palmer,Addicted To Love,1986,66,0.361,0.702,0.59,3.91E-06,-12.76,0.0302,111.57,0.973,R,Peace,,,,,,,,,
spotify:track:1Jwc3ODLQxtbnS8M9TflSP,The Bangles,Walk Like an Egyptian,1987,63,0.00344,0.724,0.891,4.66E-05,-7.818,0.0995,103.022,0.819,R,Peace,,,,,,,,,
spotify:track:54b8qPFqYqIndfdxiLApea,Heart,Alone,1987,72,0.638,0.418,0.452,0.00026,-13.099,0.0356,175.088,0.168,R,Peace,,,,,,,,,
spotify:track:7wQ9alB79WZb0F5gFLbxSh,Gregory Abbott,Shake You Down,1987,52,0.523,0.787,0.474,0,-10.384,0.0265,94.995,0.826,R,Peace,,,,,,,,,
spotify:track:2tUBqZG2AbRi7Q0BIrVrEj,Whitney Houston,I Wanna Dance with Somebody (Who Loves Me),1987,80,0.207,0.709,0.824,0.000307,-8.824,0.0453,118.814,0.867,R,Peace,,,,,,,,,
spotify:track:4HbEAwk5eSPUPkIM3zThIR,Various Artists,Nothing’s Gonna Stop Us Now (Re-Recorded / Remastered),1987,22,0.137,0.483,0.686,1.70E-06,-6.331,0.0342,202.193,0.602,R,Peace,,,,,,,,,
spotify:track:1qOU8KzFifXE9YrgjVwYvc,Whitesnake,Here I Go Again 87 - 2018 Remaster,1987,65,0.0117,0.292,0.823,7.79E-05,-6.763,0.0407,89.939,0.244,R,Peace,,,,,,,,,
spotify:track:6qqODGz2Ob4Yt139qzN3NO,The Karaoke Channel,The Way It Is - Karaoke,1987,11,0.16,0.565,0.41,0.812,-11.024,0.0375,111.337,0.352,R,Peace,,,,,,,,,
spotify:track:303oOLP2Jf6M4rke52qItM,Bob Seger,Shakedown,1987,47,0.0323,0.571,0.944,3.26E-06,-5.365,0.072,170.696,0.498,R,Peace,,,,,,,,,
spotify:track:37ZJ0p5Jm13JPevGcx4SkF,Bon Jovi,Livin' On A Prayer,1987,82,0.0778,0.532,0.887,0.000214,-3.757,0.0335,122.511,0.795,R,Peace,,,,,,,,,
spotify:track:0HEmnAUT8PHznIAAmVXqFJ,George Michael,Faith - Remastered,1988,74,0.0094,0.887,0.48,3.58E-05,-11.994,0.117,95.846,0.607,R,Peace,,,,,,,,,
spotify:track:5eU8qMd0TpaLqTGDZJaLDs,INXS,Need You Tonight,1988,65,0.0713,0.801,0.723,0.154,-4.985,0.0689,109.03,0.883,R,Peace,,,,,,,,,
spotify:track:3OeUlriM0EZHdWleJtjoVr,George Harrison,Got My Mind Set On You - Remastered 2004,1988,69,0.465,0.767,0.854,2.03E-06,-6.947,0.0426,149.206,0.963,R,Peace,,,,,,,,,
spotify:track:7GhIk7Il098yCjg4BQjzvb,Rick Astley,Never Gonna Give You Up,1988,65,0.135,0.727,0.939,4.35E-05,-11.855,0.0369,113.33,0.916,R,Peace,,,,,,,,,
spotify:track:7snQQk1zcKl8gZ92AnueZW,Guns N' Roses,Sweet Child O' Mine,1988,73,0.0901,0.446,0.952,0.0857,-5.321,0.0523,125.303,0.624,R,Peace,,,,,,,,,
spotify:track:4l2Edgdj4vla02GCh7YyAv,Whitney Houston,So Emotional,1988,58,0.268,0.698,0.792,5.17E-05,-10.011,0.0496,119.082,0.796,R,Peace,,,,,,,,,
spotify:track:58mFu3oIpBa0HLNeJIxsw3,Belinda Carlisle,Heaven Is A Place On Earth,1988,66,0.035,0.637,0.786,2.57E-06,-10.192,0.0324,122.872,0.804,R,Peace,,,,,,,,,
spotify:track:5HNstg5iwAVAa0xT83pWTN,Tiffany,Could’ve Been,1988,25,0.401,0.361,0.35,0.0117,-8.081,0.0301,95.83,0.228,R,Peace,,,,,,,,,
spotify:track:0LBtQiEVfP4ysLQ43Do8uN,Breathe,Hands To Heaven,1988,45,0.242,0.543,0.384,1.16E-06,-15.018,0.0307,128.768,0.407,R,Peace,,,,,,,,,
spotify:track:2QlPByrmEO9XciNBXCrawR,Steve Winwood,Roll With It,1988,53,0.07,0.759,0.645,0.0403,-13.352,0.0276,117.254,0.954,R,Peace,,,,,,,,,
spotify:track:5VpJrXw5GRP0tSFXAzrRM5,Chicago,Look Away,1989,46,0.464,0.394,0.557,0,-7.152,0.0324,172.912,0.186,R,Peace,,,,,,,,,
spotify:track:0v9kGNjkKdQUdDoBIuiph4,Bobby Brown,My Prerogative,1989,55,0.0655,0.762,0.625,0,-10.481,0.0562,110.163,0.696,R,Peace,,,,,,,,,
spotify:track:43GS3mtezoIFiuIZCLLiDY,Poison,Every Rose Has Its Thorn - Remastered 2003,1989,70,0.16,0.533,0.637,1.12E-05,-5.571,0.0323,140.167,0.292,R,Peace,,,,,,,,,
spotify:track:5xl5582IihbEZAnfj0xyso,Paula Abdul,Straight Up,1989,60,0.267,0.769,0.826,0.0177,-8.252,0.0624,95.862,0.762,R,Peace,,,,,,,,,
spotify:track:4r5VaK6H1bq0cTGPMTN97Z,Janet Jackson,Miss You Much,1989,47,0.0309,0.711,0.975,0.000132,-7.903,0.0394,115.19,0.645,R,Peace,,,,,,,,,
spotify:track:6jrp8qBMJO6vhAeYVAsdk9,Paula Abdul,Cold Hearted,1989,53,0.149,0.879,0.679,0.00871,-8.59,0.0421,122.38,0.724,R,Peace,,,,,,,,,
spotify:track:2Pxqs0WmxxHTV5QaTdmt3Q,Bette Midler,Wind Beneath My Wings,1989,55,0.551,0.51,0.458,0,-7.566,0.0289,123.694,0.177,R,Peace,,,,,,,,,
spotify:track:0C7dYeCLF6ukChtW64UNge,Milli Vanilli,Girl You Know It's True,1989,58,0.00797,0.772,0.822,0.00148,-5.649,0.123,97.718,0.526,R,Peace,,,,,,,,,
spotify:track:0kzSooCGpuphLwn8iTuO9h,Will To Power,"Baby, I Love Your Way/Freebird",1989,61,0.02,0.625,0.435,0.00243,-12.02,0.0286,150.829,0.484,R,Peace,,,,,,,,,
spotify:track:4FKHWhLF2dyjcoSnGlktw4,Various Artists,Giving You the Best That I Got - Single Version,1989,50,0.765,0.637,0.542,0,-8.173,0.0356,105.322,0.38,R,Peace,,,,,,,,,
spotify:track:3IDsegNBHC4pjGCOMTQYlU,Amy Grant,"Baby, Baby",1991,61,0.426,0.702,0.901,0.00153,-4.45,0.0264,97.862,0.919,R,Peace,,,,,,,,,
spotify:track:3l3xTXsUXeWlkPqzMs7mPD,Boyz II Men,End Of The Road,1992,71,0.079,0.642,0.423,0,-9.283,0.0249,149.61,0.505,R,Peace,,,,,,,,,
spotify:track:1SAkL1mYNJlaqnBQxVZrRl,Sir Mix-A-Lot,Baby Got Back,1992,67,0.00458,0.933,0.666,0,-11.277,0.308,128.466,0.635,R,Peace,,,,,,,,,
spotify:track:27AHAtAirQapVldIm4c9ZX,Kris Kross,Jump,1992,66,0.000501,0.749,0.745,0.00403,-10.625,0.164,101.972,0.481,R,Peace,,,,,,,,,
spotify:track:7okbmgA8lRBGl5limZ7LFM,Vanessa Williams,Save The Best For Last,1992,53,0.651,0.521,0.26,0,-15.871,0.0306,96.02,0.219,R,Peace,,,,,,,,,
spotify:track:1zTuB57LYZa7xu7KUH8kF0,TLC,Baby-Baby-Baby,1992,51,0.0913,0.679,0.597,0.000673,-8.601,0.0439,184.174,0.9,R,Peace,,,,,,,,,
spotify:track:612VcBshQcy4mpB2utGc3H,Eric Clapton,"Tears in Heaven - Acoustic; Live at MTV Unplugged, Bray Film Studios, Windsor, England, UK, 1/16/1992; 2013 Remaster",1992,72,0.8,0.695,0.336,0.00264,-12.999,0.0313,79.109,0.422,R,Peace,,,,,,,,,
spotify:track:3R97rNX7JnmshCWBwOSFet,En Vogue,My Lovin' (You're Never Gonna Get It),1992,58,0.0318,0.767,0.839,9.31E-06,-5.519,0.0613,98.055,0.461,R,Peace,,,,,,,,,
spotify:track:3d9DChrdc6BOeFsbrZ3Is0,Red Hot Chili Peppers,Under the Bridge,1992,80,0.0576,0.559,0.345,0.000105,-13.496,0.0459,84.581,0.458,R,Peace,,,,,,,,,
spotify:track:4XmsMIMjvDIFEjeY3ycMzW,Color Me Badd,All 4 Love,1992,49,0.0347,0.807,0.75,0.00017,-8.29,0.0315,106.389,0.797,R,Peace,,,,,,,,,
spotify:track:5AoBNJQDXXEnIJGjJjZu3y,Jon Secada,Just Another Day,1992,58,0.0194,0.717,0.642,0.000249,-10.727,0.0287,105.894,0.732,R,Peace,,,,,,,,,
spotify:track:0wqOReZDnrefefEsrIGeR4,Lifehouse,Hanging By A Moment,2001,64,0.000983,0.531,0.855,0,-4.95,0.0352,124.578,0.424,R,Peace,,,,,,,,,
spotify:track:3unsLiH5FXmaDWtT5Imolu,Alicia Keys,Fallin',2001,73,0.263,0.653,0.609,0.00101,-7.519,0.037,95.982,0.482,R,Peace,,,,,,,,,
spotify:track:28IZUzBnFsBxyrgdsdlQPg,Janet Jackson,All For You,2001,60,0.0107,0.774,0.881,0.0431,-4.681,0.0917,113.511,0.775,R,Peace,,,,,,,,,
spotify:track:2f5N826udWfjT9iomeaBJt,Matchbox Twenty,If You're Gone,2001,64,0.427,0.544,0.659,1.33E-06,-7.191,0.0298,109.933,0.361,R,Peace,,,,,,,,,
spotify:track:751gBcu62kORDelX7FV0mM,Dido,Thank You,2001,59,0.284,0.722,0.595,0.000538,-9.928,0.0415,79.98,0.738,R,Peace,,,,,,,,,
spotify:track:16gvJsVyauI16RqmOrwJJk,Lenny Kravitz,Again,2001,56,0.0186,0.554,0.82,4.91E-05,-5.035,0.0296,79.155,0.755,R,Peace,,,,,,,,,
spotify:track:1CkvWZme3pRgbzaxZnTl5X,Adele,Rolling in the Deep,2011,73,0.131,0.729,0.756,0,-5.119,0.0294,104.945,0.522,R,Peace,,,,,,,,,
spotify:track:4lCv7b86sLynZbXhfScfm2,Katy Perry,Firework,2011,71,0.139,0.638,0.826,0,-4.968,0.0479,124.072,0.649,R,Peace,,,,,,,,,
spotify:track:2ya7QgShrnI12YnREgBwav,Karaoke Hits Band,E.T.,2011,14,0.14,0.716,0.635,0.772,-7.133,0.124,151.512,0.426,R,Peace,,,,,,,,,
spotify:track:7rIhVsWn8W82shpRiPDrXc,Pitbull,"Give Me Everything (feat. Ne-Yo, Afrojack & Nayer)",2011,57,0.192,0.669,0.939,0,-3.209,0.161,129.014,0.53,R,Peace,,,,,,,,,
spotify:track:2tJulUYLDKOg9XrtVkMgcJ,Bruno Mars,Grenade,2011,73,0.146,0.706,0.558,0,-7.237,0.0593,110.443,0.227,R,Peace,,,,,,,,,
spotify:track:0iYebKFUSfF72fUu2OW6ZT,Nicki Minaj,Super Bass,2011,69,0.269,0.72,0.861,5.11E-06,-4.339,0.209,126.991,0.669,R,Peace,,,,,,,,,
spotify:track:3JA9Jsuxr4xgHXEawAdCp4,The Black Eyed Peas,Just Can’t Get Enough,2011,68,0.187,0.483,0.648,0,-8.651,0.327,93.939,0.242,R,Peace,,,,,,,,,
spotify:track:3TGRqZ0a2l1LRblBkJoaDx,Carly Rae Jepsen,Call Me Maybe,2012,67,0.0123,0.778,0.585,0,-6.502,0.0435,120.069,0.626,R,Peace,,,,,,,,,
spotify:track:7a86XRg84qjasly9f6bPSD,fun.,We Are Young (feat. Janelle Monáe),2012,70,0.02,0.378,0.638,7.66E-05,-5.576,0.075,184.086,0.735,R,Peace,,,,,,,,,
spotify:track:7gUpO6td4OOnu0Lf9vhcIV,Ellie Goulding,Lights - Single Version,2012,60,0.0283,0.683,0.789,0.0492,-6.132,0.0353,120.013,0.809,R,Peace,,,,,,,,,
spotify:track:3AGOgQzp0YcPH41u9p7dOp,The Wanted,Glad You Came,2012,66,0.0643,0.755,0.838,1.59E-05,-4.5,0.0687,126.877,0.473,R,Peace,,,,,,,,,
spotify:track:6D60klaHqbCl9ySc8VcRss,Kelly Clarkson,Stronger (What Doesn't Kill You),2012,64,0.046,0.562,0.939,0,-4.282,0.0475,116.044,0.684,R,Peace,,,,,,,,,
spotify:track:1oHNvJVbFkexQc0BpQp7Y4,Nicki Minaj,Starships,2012,66,0.135,0.747,0.716,0,-2.457,0.075,125.008,0.751,R,Peace,,,,,,,,,
spotify:track:3SPDQfj2UfWq6A2NllZnzn,One Direction,What Makes You Beautiful,2012,69,0.00761,0.729,0.771,0,-2.451,0.0725,125.011,0.873,R,Peace,,,,,,,,,
spotify:track:4YMqbFcDIFiCBd02PzUBcM,Macklemore & Ryan Lewis,Thrift Shop (feat. Wanz),2013,69,0.0619,0.781,0.526,0,-6.985,0.293,94.992,0.662,R,Peace,,,,,,,,,
spotify:track:4G8gkOterJn0Ywt6uhqbhp,Imagine Dragons,Radioactive,2013,71,0.106,0.448,0.784,0.000108,-3.686,0.0627,136.245,0.236,R,Peace,,,,,,,,,
spotify:track:01XFgRZfZI7oBagNf1Loml,Baauer,Harlem Shake,2013,58,0.0111,0.452,0.794,0.00182,-5.151,0.0483,137.825,0.282,R,Peace,,,,,,,,,
spotify:track:4rHZZAmHpZrA3iH5zx8frV,Justin Timberlake,Mirrors,2013,75,0.234,0.574,0.512,0,-6.664,0.0503,76.899,0.512,R,Peace,,,,,,,,,
spotify:track:1mKXFLRA179hdOWQBwUk9e,P!nk,Just Give Me a Reason (feat. Nate Ruess),2013,79,0.346,0.778,0.547,0.000302,-7.273,0.0489,95.002,0.441,R,Peace,,,,,,,,,
spotify:track:0nJW01T7XtvILxQgC5J7Wh,Bruno Mars,When I Was Your Man,2013,80,0.932,0.612,0.28,0,-8.648,0.0434,72.795,0.387,R,Peace,,,,,,,,,
spotify:track:6F5c58TMEs1byxUstkzVeM,Katy Perry,Roar,2013,76,0.00487,0.554,0.772,6.60E-06,-4.821,0.0418,179.984,0.455,R,Peace,,,,,,,,,
spotify:track:5b88tNINg4Q4nrRbrCXUmg,Pharrell Williams,"Happy - From ""Despicable Me 2""",2014,78,0.219,0.647,0.822,0,-4.662,0.183,160.019,0.962,R,Peace,,,,,,,,,
spotify:track:3U4isOIWM3VvDubwSI3y7a,John Legend,All of Me,2014,84,0.922,0.422,0.264,0,-7.064,0.0322,119.93,0.331,R,Peace,,,,,,,,,
spotify:track:6sy3LkhNFjJWlaeSMNwQ62,OneRepublic,Counting Stars,2014,72,0.0654,0.664,0.705,0,-4.972,0.0382,122.017,0.477,R,Peace,,,,,,,,,
spotify:track:6g6A7qNhTfUgOSH7ROOxTD,Jason Derulo,Talk Dirty (feat. 2 Chainz),2014,62,0.0348,0.76,0.652,0,-7.321,0.232,100.315,0.759,R,Peace,,,,,,,,,
spotify:track:6RtPijgfPKROxEzTHNRiDp,MAGIC!,Rude,2014,76,0.0423,0.774,0.756,0,-4.995,0.0389,144.032,0.931,R,Peace,,,,,,,,,
spotify:track:5jE48hhRu8E6zBDPRSkEq7,Meghan Trainor,All About That Bass,2014,68,0.0573,0.807,0.887,2.87E-06,-3.726,0.0503,134.052,0.961,R,Peace,,,,,,,,,
spotify:track:76eTTeRkmu1uu8w46f8bue,Various Artists,Problem (feat. Iggy Azalea),2014,20,0.0216,0.657,0.809,9.59E-06,-5.348,0.176,102.974,0.624,R,Peace,,,,,,,,,
spotify:track:5Nm9ERjJZ5oyfXZTECKmRt,Sam Smith,Stay With Me,2014,82,0.588,0.418,0.42,6.39E-05,-6.444,0.0414,84.094,0.184,R,Peace,,,,,,,,,
spotify:track:32OlwWuMpZ6b0aN2RZOeMS,Mark Ronson,Uptown Funk,2015,80,0.00801,0.856,0.609,8.15E-05,-7.223,0.0824,114.988,0.928,R,Peace,,,,,,,,,
spotify:track:34gCuhDGsG4bRPIf9bb02f,Ed Sheeran,Thinking out Loud,2015,82,0.474,0.781,0.445,0,-6.061,0.0295,78.998,0.591,R,Peace,,,,,,,,,
spotify:track:2JzZzZUQj3Qff7wapcbKjc,Wiz Khalifa,See You Again (feat. Charlie Puth),2015,78,0.369,0.689,0.481,1.03E-06,-7.503,0.0815,80.025,0.283,R,Peace,,,,,,,,,
spotify:track:2d8JP84HNLKhmd6IYOoupQ,Fetty Wap,Trap Queen,2015,72,0.0244,0.746,0.873,0,-3.803,0.128,148.075,0.817,R,Peace,,,,,,,,,
spotify:track:2iuZJX9X9P0GKaE93xcPjk,Maroon 5,Sugar,2015,77,0.0591,0.748,0.788,0,-7.055,0.0334,120.076,0.884,R,Peace,,,,,,,,,
spotify:track:0kzw2tRyuL9rzipi5ntlIy,WALK THE MOON,Shut Up and Dance,2015,79,0.00701,0.578,0.866,0,-3.804,0.0619,128.038,0.619,R,Peace,,,,,,,,,
spotify:track:1kHEuJRasudLhjvnbfc4yS,Taylor Swift,Blank Space,2015,68,0.103,0.76,0.703,0,-5.412,0.054,95.997,0.57,R,Peace,,,,,,,,,
spotify:track:5RIVoVdkDLEygELLCniZFr,Silentó,Watch Me (Whip / Nae Nae),2015,65,0.247,0.821,0.759,0,-8.541,0.121,140.01,0.962,R,Peace,,,,,,,,,
spotify:track:4frLb7nWtsz2ymBE6k2GRP,The Weeknd,Earned It (Fifty Shades Of Grey),2015,67,0.408,0.647,0.291,0,-8.275,0.0363,119.839,0.4,R,Peace,,,,,,,,,
spotify:track:7fBv7CLKzipRk6EC6TWHOB,The Weeknd,The Hills,2015,79,0.0671,0.58,0.565,0,-7.065,0.0488,112.986,0.138,R,Peace,,,,,,,,,
spotify:track:50kpGaPAhYJ3sGmk6vplg0,Justin Bieber,Love Yourself,2016,80,0.856,0.607,0.376,0,-9.954,0.453,102.541,0.545,R,Peace,,,,,,,,,
spotify:track:09CtPGIpYB4BrO8qb1RGsF,Justin Bieber,Sorry,2016,78,0.0865,0.605,0.768,0,-3.724,0.0476,100.209,0.414,R,Peace,,,,,,,,,
spotify:track:3CRDbSIZ4r5MsZ0YwxuEkn,Twenty One Pilots,Stressed Out,2016,81,0.0462,0.734,0.637,2.29E-05,-5.677,0.141,169.977,0.648,R,Peace,,,,,,,,,
spotify:track:275a9yzwGB6ncAW4SxY7q3,Desiigner,Panda,2016,69,0.0235,0.72,0.748,0,-5.522,0.393,145.22,0.246,R,Peace,,,,,,,,,
spotify:track:4sPmO7WMQUAf45kwMOtONw,Adele,Hello,2016,70,0.336,0.481,0.451,0,-6.095,0.0347,157.966,0.289,R,Peace,,,,,,,,,
spotify:track:2GyeYBE4rncMsw2QJta3Ne,Various Artists,Can’t Stop the Feeling - Acoustic Cover,2016,7,0.95,0.735,0.3,0.903,-13.505,0.0522,92.033,0.6,R,Peace,,,,,,,,,
spotify:track:7BKLCZ1jbUBVqRi2FVlTVw,The Chainsmokers,Closer,2016,83,0.414,0.748,0.524,0,-5.599,0.0338,95.01,0.661,R,Peace,,,,,,,,,
spotify:track:1fhLgOJgIIZEsWWffk8ljs,The Weavers,Goodnight Irene,1950,13,0.832,0.367,0.261,0,-10.404,0.0289,140.82,0.576,D,War,,,,,,,,,
spotify:track:5dae01pKNjRQtgOeAkFzPY,Nat King Cole,Mona Lisa,1950,51,0.948,0.251,0.225,0,-12.125,0.0347,166.32,0.324,D,War,,,,,,,,,
spotify:track:68GJRIs9vkHFy9l0Sbdsix,Various Artists,The Third Man (The Harry Lime Theme),1950,12,0.911,0.473,0.161,0.909,-17.505,0.0328,131.775,0.364,D,War,,,,,,,,,
spotify:track:33FdwvfiSBRbE2AQ4UehaR,Bing Crosby,Play A Simple Melody - Single Version,1950,10,0.771,0.63,0.222,2.48E-06,-13.74,0.0522,138.497,0.778,D,War,,,,,,,,,
spotify:track:68ZOKozM9xmlp1iwaQSwY7,Teresa Brewer,Music! Music! Music!,1950,26,0.688,0.761,0.448,1.88E-05,-14.35,0.0402,99.078,0.928,D,War,,,,,,,,,
spotify:track:5uEwpyOYHFGqme4WnVQhfs,Guy Lombardo,The Third Man Theme,1950,9,0.885,0.788,0.158,0.627,-12.071,0.0365,115.551,0.569,D,War,,,,,,,,,
spotify:track:7Jf323ttHKUnPylFWiaGl3,Red Foley,Chattanoogie Shoe Shine Boy - 1949 Single Version,1950,31,0.617,0.74,0.382,0.00549,-15.948,0.0563,148.269,0.836,D,War,,,,,,,,,
spotify:track:00vJeips2Rwr2qN1qODvyf,Various Artists,Harbor Lights,1950,12,0.985,0.323,0.0872,0.00992,-18.891,0.0325,85.325,0.155,D,War,,,,,,,,,
spotify:track:3RxI4EHxmNqd7nHJPqbxUm,Sammy Kaye,It Isn't Fair,1950,3,0.912,0.411,0.206,0.0029,-12.48,0.0353,69.193,0.3,D,War,,,,,,,,,
spotify:track:0zII0Soax7wbm3Avw7iVAd,Nat King Cole,Too Young,1951,40,0.805,0.201,0.213,8.22E-05,-14.531,0.0298,96.324,0.203,D,War,,,,,,,,,
spotify:track:1hVEHu6SemMvlYAP5MWkDj,Tony Bennett,Because of You,1951,30,0.94,0.248,0.22,0.00197,-10.768,0.0299,71.377,0.191,D,War,,,,,,,,,
spotify:track:3GVyT9fBXuEkGs1STo2WHZ,Rosemary Clooney,Come On-A My House,1951,41,0.826,0.527,0.633,0,-8.56,0.114,183.174,0.961,D,War,,,,,,,,,
spotify:track:7bETs6oajlWYVo9ycX74Vp,Mario Lanza,"Be My Love (From ""The Toast of New Orleans"")",1951,14,0.972,0.168,0.457,1.33E-06,-7.361,0.0375,86.749,0.202,D,War,,,,,,,,,
spotify:track:3Rd7lzhb3AtQPuQ4UZiSCc,The Weavers,On Top Of Old Smoky,1951,10,0.855,0.399,0.435,0,-8.893,0.0386,168.559,0.68,D,War,,,,,,,,,
spotify:track:1nz7qrpaifFdBUp22qde4O,Tony Bennett,Cold Cold Heart,1951,30,0.968,0.37,0.141,1.59E-06,-14.082,0.039,66.305,0.303,D,War,,,,,,,,,
spotify:track:0VLsWxGXctGx9QtaHCpVEk,Perry Como,If,1951,18,0.903,0.288,0.169,4.22E-05,-12.024,0.0294,71.412,0.229,D,War,,,,,,,,,
spotify:track:0d1IE5LVXuy4V638hzBNJV,Mario Lanza,"The Loveliest Night of the Year (From ""The Great Caruso"")",1951,6,0.938,0.197,0.386,0.0114,-8.349,0.0331,86.223,0.212,D,War,,,,,,,,,
spotify:track:0BHroBUvBAp561BYqC9LRK,Patti Page,Tennessee Waltz,1951,49,0.969,0.373,0.124,0.000891,-12.95,0.0342,86.857,0.351,D,War,,,,,,,,,
spotify:track:5eOP7g5BLBpmksOeoFn77Y,Leroy Anderson,Blue Tango,1952,29,0.856,0.479,0.151,0.856,-22.707,0.0345,118.902,0.556,D,War,,,,,,,,,
spotify:track:2gCQe48O4GMJz6oFBqnN9e,Kay Starr,Wheel Of Fortune,1952,36,0.897,0.461,0.248,0,-10.278,0.0481,140.562,0.404,D,War,,,,,,,,,
spotify:track:4wnFpRgQu2gLN8d76dYOGr,Johnnie Ray,Cry,1952,31,0.849,0.479,0.0952,0,-15.5,0.0274,69.784,0.35,D,War,,,,,,,,,
spotify:track:3rIhZKroSQQjNcgGQsdaJF,Vera Lynn,Auf Wiederseh'n Sweetheart - 2017 Version,1952,37,0.846,0.149,0.137,1.96E-05,-15.349,0.0326,82.853,0.253,D,War,,,,,,,,,
spotify:track:5vIe5BmOlPXarqRxJh9FNE,Rosemary Clooney,Half As Much (with Percy Faith & His Orchestra),1952,37,0.944,0.277,0.189,0,-12.424,0.0329,86.655,0.208,D,War,,,,,,,,,
spotify:track:4cS2Ya30FLHqNb3hwbtjrJ,Patti Page,I Went To Your Wedding,1952,24,0.927,0.53,0.0853,0,-12.223,0.0327,78.372,0.112,D,War,,,,,,,,,
spotify:track:5bETzPVHt11c82M57szEJV,Al Martino,Here In My Heart,1952,28,0.672,0.21,0.271,0.341,-9.598,0.033,61.278,0.228,D,War,,,,,,,,,
spotify:track:1RWg0d6f3GkPHWTW38TcFt,Percy Faith & His Orchestra,Delicado,1952,26,0.76,0.501,0.691,0.928,-12.571,0.0303,100.341,0.891,D,War,,,,,,,,,
spotify:track:2XkuSbp5say8nZW8g6156Z,Various Artists,Wooly Bully,1965,53,0.713,0.582,0.575,3.66E-06,-11.89,0.0529,140.601,0.558,D,War,,,,,,,,,
spotify:track:3aSWQJcWnnqgwYbAgidvlV,Four Tops,"I Can't Help Myself (Sugar Pie, Honey Bunch)",1965,64,0.204,0.686,0.714,0,-4.809,0.0287,126.736,0.964,D,War,,,,,,,,,
spotify:track:2PzU4IB8Dr6mxV3lHuaG34,The Rolling Stones,(I Can't Get No) Satisfaction - Mono Version,1965,75,0.0348,0.725,0.853,0.127,-7.842,0.0353,136.282,0.904,D,War,,,,,,,,,
spotify:track:36ckFm0oicmvX8bWEErIHd,We Five,You Were On My Mind,1965,37,0.485,0.51,0.565,0,-8.105,0.05,143.381,0.7,D,War,,,,,,,,,
spotify:track:7GzisMgxLZgCi0Ed3yTw9y,The Righteous Brothers,You’ve Lost That Lovin Feelin’,1965,23,0.855,0.34,0.402,0.00939,-12.943,0.0743,94.506,0.57,D,War,,,,,,,,,
spotify:track:0ZQ6ckgerHYM5mOUxTl99Q,Petula Clark,Downtown,1965,55,0.78,0.48,0.689,0,-7.921,0.0645,117.409,0.596,D,War,,,,,,,,,
spotify:track:7DD7eSuYSC5xk2ArU62esN,The Beatles,Help! - Remastered 2009,1965,71,0.188,0.534,0.725,0,-7.576,0.0332,95.003,0.763,D,War,,,,,,,,,
spotify:track:1Vzr9AOdHw65UHoK1Vuxls,Elvis Presley,Crying In the Chapel,1965,49,0.94,0.404,0.246,3.00E-05,-13.812,0.041,71.274,0.281,D,War,,,,,,,,,
spotify:track:745H5CctFr12Mo7cqa1BMH,The Temptations,My Girl,1965,78,0.635,0.572,0.418,0,-10.738,0.0349,104.566,0.694,D,War,,,,,,,,,
spotify:track:0yjNmllr3Ew6f97TqPuEqa,Sgt. Barry Sadler,The Ballad Of The Green Berets,1966,42,0.782,0.715,0.327,0.000344,-11.814,0.033,84.369,0.713,D,War,,,,,,,,,
spotify:track:5fmtvzDvwlfvNjdNrOj8TA,The Association,Cherish,1966,40,0.726,0.494,0.407,0,-14.463,0.0345,110.13,0.555,D,War,,,,,,,,,
spotify:track:7ES3QjxzmFKMJWt90giLsv,The Righteous Brothers,(You’re My) Soul & Inspiration,1966,9,0.77,0.48,0.416,0.000681,-11.692,0.0847,93.701,0.428,D,War,,,,,,,,,
spotify:track:6Pkj4nv5K53i64cLVgkVyY,Four Tops,Reach Out I'll Be There,1966,53,0.0253,0.607,0.599,0,-8.908,0.0282,119.842,0.735,D,War,,,,,,,,,
spotify:track:4PEeZ2U4UfP2Jo8EtIOjus,? & The Mysterians,96 Tears,1966,52,0.0624,0.65,0.562,3.21E-05,-5.965,0.0345,123.674,0.882,D,War,,,,,,,,,
spotify:track:3h4t9qpFktohHeUQc3hZCa,The Monkees,Last Train to Clarksville - 2006 Remaster Original Stereo Version,1966,49,0.0305,0.239,0.618,0,-8.464,0.033,197.499,0.683,D,War,,,,,,,,,
spotify:track:1OppEieGNdItZbE14gLBEv,The Supremes,You Can't Hurry Love,1966,75,0.344,0.486,0.725,0,-9.263,0.0661,193.249,0.694,D,War,,,,,,,,,
spotify:track:2kt0TS6sYxz25uze84l5Oq,Johnny Rivers,The Poor Side Of Town,1966,29,0.748,0.424,0.487,4.01E-06,-11.956,0.0323,103.399,0.445,D,War,,,,,,,,,
spotify:track:0gBFr7N2D1GfhkXIIepIGG,Lulu,To Sir with Love,1967,47,0.361,0.546,0.399,3.18E-06,-9.378,0.027,97.142,0.301,D,War,,,,,,,,,
spotify:track:6RJK553YhstRzyKA4mug09,The Box Tops,The Letter,1967,62,0.252,0.638,0.428,0,-12.156,0.0687,139.434,0.901,D,War,,,,,,,,,
spotify:track:6RUpOheT93fUdI508K5w6U,The Association,Windy,1967,45,0.357,0.677,0.722,0.148,-7.767,0.0295,132.996,0.898,D,War,,,,,,,,,
spotify:track:2OiOI7sppJH3oDmafgkGiJ,Various Artists,I’m a Believer - Acoustic Cover,1967,4,0.982,0.789,0.185,0.894,-16.84,0.0676,120.257,0.47,D,War,,,,,,,,,
spotify:track:5uvosCdMlFdTXhoazkTI5R,The Doors,Light My Fire,1967,70,0.369,0.413,0.725,2.16E-05,-5.787,0.0324,124.618,0.44,D,War,,,,,,,,,
spotify:track:1JO1xLtVc8mWhIoE3YaCL0,The Turtles,Happy Together,1967,73,0.55,0.584,0.367,1.38E-05,-9.638,0.0328,120.175,0.588,D,War,,,,,,,,,
spotify:track:3c2kMiSB86tVq1J4oULmvL,The Young Rascals,Groovin' - Single Version; Mono,1967,57,0.595,0.605,0.455,0,-8.903,0.0301,106.825,0.678,D,War,,,,,,,,,
spotify:track:0aym2LBJBk9DAYuHHutrIl,The Beatles,Hey Jude - Remastered 2015,1968,78,0.0112,0.386,0.607,1.38E-05,-7.7,0.0261,147.207,0.532,D,War,,,,,,,,,
spotify:track:0tS7Mli5NtOcpeCqC25GWd,Paul Mauriat,Love is Blue,1968,50,0.164,0.482,0.499,0.899,-10.549,0.0268,104.361,0.281,D,War,,,,,,,,,
spotify:track:2Qhvi6R73Zj3cpzRYzcAww,Bobby Goldsboro,Honey,1968,55,0.674,0.399,0.278,0.000694,-13.122,0.0291,93.189,0.597,D,War,,,,,,,,,
spotify:track:3zBhihYUHBmGd2bcQIobrF,Otis Redding,(Sittin' On) the Dock of the Bay - Mono,1968,71,0.684,0.769,0.367,1.62E-05,-11.226,0.0312,103.621,0.535,D,War,,,,,,,,,
spotify:track:5tUEIByLWg1sYWajZ2x5zx,The Rascals,People Got to Be Free,1968,42,0.466,0.685,0.696,0,-8.137,0.0364,126.019,0.96,D,War,,,,,,,,,
spotify:track:6FRwDxXsvSasw0y2eDArsz,Cream,Sunshine Of Your Love,1968,73,0.475,0.684,0.481,6.57E-05,-12.59,0.0384,115.078,0.784,D,War,,,,,,,,,
spotify:track:7a3g7jILDCvADVN9NQIyYj,Herb Alpert & The Tijuana Brass,This Guy's In Love With You,1968,55,0.858,0.635,0.167,0.000999,-12.998,0.0403,83.768,0.246,D,War,,,,,,,,,
spotify:track:3iEABTE7uVYkVQA8wCUnVZ,Hugo Montenegro & His Orchestra,"The Good, The Bad And The Ugly - From the film ""The Good, The Bad And The Ugly"" released through United Artists",1968,35,0.649,0.531,0.648,0.501,-10.648,0.0412,116.572,0.589,D,War,,,,,,,,,
spotify:track:0iOZM63lendWRTTeKhZBSC,Simon & Garfunkel,"Mrs. Robinson - From ""The Graduate"" Soundtrack",1968,75,0.713,0.606,0.457,2.53E-05,-14.035,0.0497,92.033,0.813,D,War,,,,,,,,,
spotify:track:6IIcvtmuGpWIasqOpyGlyY,Archie Bell & The Drells,"Tighten Up, Pt. 1",1968,47,0.242,0.708,0.441,0.000147,-12.931,0.196,125.191,0.724,D,War,,,,,,,,,
spotify:track:7xRNsqOQOgWbHV1nbXnfXN,The Black Eyed Peas,Boom Boom Pow,2009,61,0.15,0.869,0.851,0.000873,-6.201,0.0827,130.09,0.395,D,War,,,,,,,,,
spotify:track:7GtpZ01gEJDxrXfH2ayvuc,Percy Faith & His Orchestra,"The Song From ""Moulin Rouge""",1953,14,0.883,0.164,0.458,0.906,-8.178,0.0364,108.53,0.0657,R,War,,,,,,,,,
spotify:track:1mMSH14XSSjzLvNuf62azx,Various Artists,(How Much Is) That Doggie in the Window,1953,42,0.795,0.639,0.29,0,-11.688,0.044,122.895,0.667,R,War,,,,,,,,,
spotify:track:7iv8br1y5Hv63QX5Z2HFjv,The Ames Brothers,"You, You, You",1953,41,0.838,0.386,0.177,0.000245,-11.213,0.0299,97.678,0.292,R,War,,,,,,,,,
spotify:track:3ZWp5lfQT2yDRWzJDIAed3,Teresa Brewer,Till I Waltz Again With You,1953,16,0.786,0.543,0.108,0,-17.267,0.0531,124.444,0.4,R,War,,,,,,,,,
spotify:track:4iyzrJ3qIGBvG8yl5dWHQ8,Perry Como,No Other Love (with Henri René & His Orchestra and Chorus),1953,32,0.89,0.303,0.187,2.74E-06,-11.615,0.0295,90.486,0.23,R,War,,,,,,,,,
spotify:track:049uxirFkHOefJ0yqPW8Kk,Frankie Laine,I Believe,1953,42,0.977,0.402,0.159,1.76E-05,-18.598,0.0306,67.796,0.282,R,War,,,,,,,,,
spotify:track:3iSws76HjaU7k49EqJVTfF,The Archies,"Sugar, Sugar",1969,67,0.466,0.736,0.871,0,-2.786,0.0278,122.395,0.967,R,War,,,,,,,,,
spotify:track:6aL6pPBaTMGgM558mplSnj,The Temptations,I Can't Get Next To You,1969,56,0.56,0.682,0.688,0,-12.853,0.105,108.828,0.711,R,War,,,,,,,,,
spotify:track:3RZMzCvYsmJ0u2ioKTOsmJ,The Rolling Stones,Honky Tonk Women - Mono Version,1969,66,0.381,0.562,0.768,0.03,-6.613,0.0606,119.544,0.966,R,War,,,,,,,,,
spotify:track:7lL2lMWNtzOcf5HnEudNgn,Various Artists,Everyday People,1969,65,0.245,0.813,0.619,0.0151,-8.203,0.0294,114.58,0.774,R,War,,,,,,,,,
spotify:track:3jJKKhg0t4HpdfNDyGiZDy,Tommy Roe,Dizzy,1969,42,0.0068,0.793,0.409,0.000749,-10.869,0.0316,104.047,0.825,R,War,,,,,,,,,
spotify:track:4t6NQkpUmvpvLDCkl3XuwA,Sly & The Family Stone,Hot Fun in the Summertime,1969,49,0.634,0.656,0.65,0.0148,-11.643,0.0575,146.268,0.931,R,War,,,,,,,,,
spotify:track:6sPOmDulFtLzfX25zICNrC,The Foundations,Build Me Up Buttercup,1969,73,0.313,0.66,0.512,0,-7.183,0.0294,133.607,0.852,R,War,,,,,,,,,
spotify:track:1vXuYPpkLjn1v06E2EsWQY,Tommy James & The Shondells,Crimson and Clover - Single Version,1969,57,0.255,0.412,0.59,0.0325,-12.277,0.0701,85.824,0.653,R,War,,,,,,,,,
spotify:track:6l8EbYRtQMgKOyc1gcDHF9,Simon & Garfunkel,Bridge Over Troubled Water,1970,69,0.822,0.149,0.206,0.000649,-13.888,0.0323,79.764,0.264,R,War,,,,,,,,,
spotify:track:50q2aUjWoTn6CJIfSPRJQA,Carpenters,(They Long To Be) Close To You,1970,57,0.707,0.533,0.245,4.21E-05,-14.652,0.0326,89.328,0.236,R,War,,,,,,,,,
spotify:track:0zRtBDhwtIFTfoK2HuURbM,B.J. Thomas,Raindrops Keep Fallin' On My Head,1970,54,0.813,0.519,0.446,0.000124,-9.287,0.0388,104.962,0.654,R,War,,,,,,,,,
spotify:track:4ZEEcEMGjkWOfZNBcIB9yE,Edwin Starr,War,1970,64,0.0939,0.59,0.671,0,-12.484,0.154,109.333,0.736,R,War,,,,,,,,,
spotify:track:6s908FOHbvhdyTJLPoqxPg,Rare Earth,Get Ready - Single Version,1970,41,0.0264,0.619,0.833,0.0204,-10.136,0.0295,136.783,0.963,R,War,,,,,,,,,
spotify:track:7iN1s7xHE4ifF5povM6A48,The Beatles,Let It Be - Remastered 2009,1970,78,0.631,0.443,0.403,0,-8.339,0.0322,143.462,0.41,R,War,,,,,,,,,
spotify:track:0YgoNapnyIXuruBrzvoCSu,Freda Payne,Band Of Gold - Re-Record,1970,43,0.451,0.631,0.746,0,-5.439,0.0277,108.875,0.93,R,War,,,,,,,,,
spotify:track:2ymeOsYijJz09LfKw3yM2x,Three Dog Night,Joy To The World,1971,64,0.472,0.651,0.668,0.00204,-12.413,0.0311,126.99,0.972,R,War,,,,,,,,,
spotify:track:50UoJUrslRVqG0cg6uboyn,The Osmonds,One Bad Apple,1971,33,0.382,0.6,0.567,0,-7.163,0.0398,101.041,0.92,R,War,,,,,,,,,
spotify:track:1jy0RbDHyBMTupSdc98XbG,Bee Gees,How Can You Mend A Broken Heart,1971,55,0.635,0.437,0.264,0,-13.715,0.0328,68.541,0.251,R,War,,,,,,,,,
spotify:track:3mDOHVY9MWZOTODSNF5GBj,Paul Revere & The Raiders,Indian Reservation (The Lament of the Cherokee Reservation Indian),1971,46,0.284,0.639,0.385,0.00193,-13.253,0.0759,131.714,0.209,R,War,,,,,,,,,
spotify:track:4kjOWauuYptQVSnuac4dsr,Donny Osmond,Go Away Little Girl,1971,25,0.778,0.387,0.413,0.00082,-11.12,0.0436,108.424,0.38,R,War,,,,,,,,,
spotify:track:2xYlyywNgefLCRDG8hlxZq,John Denver,"Take Me Home, Country Roads - Rerecorded",1971,76,0.546,0.255,0.43,1.87E-05,-12.564,0.0322,164.267,0.546,R,War,,,,,,,,,
spotify:track:39Bd345OWEhRNyfayhp9gv,The Temptations,Just My Imagination (Running Away With Me),1971,64,0.897,0.431,0.239,0.00961,-15.402,0.0276,92.492,0.455,R,War,,,,,,,,,
spotify:track:6gvfXd7pEUSPuNEMWwOJUH,Tony Orlando & Dawn,Knock Three Times,1971,51,0.154,0.777,0.581,0,-10.129,0.0517,123.1,0.93,R,War,,,,,,,,,
spotify:track:0SxFyA4FqmEQqZVuAlg8lf,Roberta Flack,The First Time Ever I Saw Your Face,1972,61,0.731,0.311,0.0264,0.00205,-21.644,0.037,120.653,0.139,R,War,,,,,,,,,
spotify:track:6vuEG9sZtC4W2zT64f7zLF,Gilbert O'Sullivan,Alone Again (Naturally),1972,52,0.583,0.558,0.464,0.000133,-8.488,0.0354,171.762,0.559,R,War,,,,,,,,,
spotify:track:2QgWuCtBpNIpl5trmKCxRf,Don McLean,American Pie,1972,72,0.6,0.527,0.509,0,-10.893,0.0628,138.317,0.497,R,War,,,,,,,,,
spotify:track:6MrILERJLA3Jcq0E9poZsp,Harry Nilsson,Without You,1972,63,0.612,0.392,0.185,2.89E-06,-15.472,0.0285,64.933,0.145,R,War,,,,,,,,,
spotify:track:6jGb3Hhy6Dfhci1Eb3au0R,Sammy Davis Jr.,The Candy Man,1972,38,0.806,0.636,0.549,0.000386,-10.933,0.0332,131.154,0.84,R,War,,,,,,,,,
spotify:track:15en5xAk3uORkyA01e6pIO,Joe Tex,I Gotcha,1972,44,0.353,0.633,0.605,0,-15.642,0.416,187.913,0.972,R,War,,,,,,,,,
spotify:track:3M8FzayQWtkvOhqMn2V4T2,Bill Withers,Lean on Me,1972,68,0.782,0.619,0.22,1.19E-05,-13.843,0.0667,75.16,0.423,R,War,,,,,,,,,
spotify:track:4z51Gf7Ppt9Lmu5zmnUIz9,Mac Davis,Baby Don't Get Hooked on Me,1972,47,0.26,0.495,0.307,5.21E-05,-18.168,0.0403,80.97,0.802,R,War,,,,,,,,,
spotify:track:3tm6LVXZJg0lG4hQm5ytrT,Melanie,Brand New Key,1972,51,0.817,0.667,0.412,0,-7.544,0.0353,83.816,0.82,R,War,,,,,,,,,
spotify:track:7buqgbdJkbLhAQIKqyYbbz,Wayne Newton,Daddy Don't You Walk So Fast - Re-Recorded In Stereo,1972,32,0.467,0.472,0.503,0,-10.018,0.0272,152.728,0.443,R,War,,,,,,,,,
spotify:track:14nBn3kUcfhDnGyKRUrVHr,Jim Croce,"Bad, Bad Leroy Brown",1973,58,0.517,0.674,0.795,0,-7.461,0.0424,147.959,0.876,R,War,,,,,,,,,
spotify:track:3gsCAGsWr6pUm1Vy7CPPob,Roberta Flack,Killing Me Softly with His Song,1973,71,0.727,0.477,0.381,0,-10.237,0.0342,121.568,0.329,R,War,,,,,,,,,
spotify:track:3YaR3Drv2GP6BHKz6d8Q2f,Kris Kristofferson,Why Me - Live,1973,37,0.682,0.327,0.706,0.000236,-5.924,0.0402,82.834,0.563,R,War,,,,,,,,,
spotify:track:6WCeFNVAXUtNczb7lqLiZU,Elton John,Crocodile Rock,1973,70,0.0326,0.626,0.803,1.35E-05,-7.214,0.0358,149.918,0.968,R,War,,,,,,,,,
spotify:track:5YLVhkyMsAuYKOKihHJo21,Billy Preston,Will It Go Round In Circles,1973,43,0.286,0.689,0.871,3.33E-05,-7.928,0.0281,98.396,0.898,R,War,,,,,,,,,
spotify:track:4sIkDCqNjTubfb5UVs8lEA,Diana Ross,Touch Me In The Morning,1973,54,0.454,0.355,0.615,0,-7.21,0.0314,137.19,0.603,R,War,,,,,,,,,
spotify:track:4VZDv8sASBS8UruUBGTFdk,Wilson Phillips,Hold On,1990,67,0.4,0.679,0.657,0,-9.897,0.0255,97.8,0.546,R,War,,,,,,,,,
spotify:track:6kvoHl80mfCVTv7XnZkjQn,Roxette,"It Must Have Been Love - From ""Pretty Woman""",1990,69,0.34,0.52,0.652,5.49E-05,-6.655,0.0274,80.609,0.722,R,War,,,,,,,,,
spotify:track:3nvuPQTw2zuFAVuLsC9IYQ,Sinéad O'Connor,Nothing Compares 2 U,1990,70,0.0425,0.511,0.574,2.33E-05,-7.016,0.0273,119.917,0.161,R,War,,,,,,,,,
spotify:track:6m59VvDUi0UQsB2eZ9wVbH,Bell Biv DeVoe,Poison,1990,65,0.00216,0.829,0.573,0.00432,-10.316,0.224,111.848,0.803,R,War,,,,,,,,,
spotify:track:27QvYgBk0CHOVHthWnkuWt,Madonna,Vogue,1990,65,0.00379,0.737,0.88,0.00351,-6.449,0.0433,115.998,0.329,R,War,,,,,,,,,
spotify:track:0gLQ6jhJsyYfl7PrD1RZ7X,Mariah Carey,Vision of Love,1990,57,0.442,0.256,0.463,0,-10.959,0.0382,205.362,0.354,R,War,,,,,,,,,
spotify:track:1NCuYqMc8hKMb4cpNTcJbD,Phil Collins,Another Day in Paradise - 2016 Remaster,1990,72,0.736,0.78,0.565,0.00269,-7.32,0.0306,101.967,0.365,R,War,,,,,,,,,
spotify:track:3ZqjDpr3qCZnZBPcd0Hpj2,En Vogue,Hold On,1990,57,0.0865,0.728,0.464,0,-11.156,0.0605,96.944,0.383,R,War,,,,,,,,,
spotify:track:5TSANSqPTD6nBG0NSJWmVB,Billy Idol,Cradle Of Love,1990,43,0.0163,0.612,0.942,3.90E-06,-4.588,0.0399,144.038,0.622,R,War,,,,,,,,,
spotify:track:1sUTfgduT0WIQO8kXKXxLC,Jon Bon Jovi,"Blaze Of Glory - From ""Young Guns II"" Soundtrack",1990,65,0.0598,0.553,0.611,2.33E-05,-9.967,0.0348,78.683,0.37,R,War,,,,,,,,,
spotify:track:6eBK3edMW7bEzecF1eCezc,Bryan Adams,(Everything I Do) I Do It For You,1991,64,0.0816,0.519,0.372,4.67E-05,-12.635,0.0284,131.227,0.298,R,War,,,,,,,,,
spotify:track:3lsse1FoSHnNXc6y0jHxvd,Various Artists,I Wanna Sex You Up - Single Mix,1991,56,0.00549,0.551,0.591,6.55E-06,-8.404,0.12,201.799,0.474,R,War,,,,,,,,,
spotify:track:2zeGpMojbMPSmLngK2Ojf7,C & C Music Factory,Gonna Make You Sweat (Everybody Dance Now) - Clivilless & Cole DJ's Choice Mix,1991,22,0.00199,0.806,0.936,0.246,-5.988,0.0624,113.229,0.773,R,War,,,,,,,,,
spotify:track:015qd1I4v00JIoK7yOUgKC,Paula Abdul,Rush Rush,1991,60,0.763,0.706,0.44,0,-11.577,0.0493,90.012,0.395,R,War,,,,,,,,,
spotify:track:2drQ6wg2hdl6RDslarifh8,Timmy T,One More Try,1991,44,0.191,0.641,0.573,0,-9.198,0.0485,149.826,0.5,R,War,,,,,,,,,
spotify:track:5VYTKiOnHw4iTrB9pG3yum,EMF,Unbelievable,1991,62,0.000341,0.637,0.849,0.0386,-6.855,0.0362,104.074,0.936,R,War,,,,,,,,,
spotify:track:1gVgkQFOKa8Wc1HYsJtPdH,Extreme,More Than Words,1991,67,0.468,0.615,0.129,0,-14.892,0.0286,91.769,0.249,R,War,,,,,,,,,
spotify:track:4iqnWPNCt4hhZ96KhjlJKq,Surface,The First Time,1991,33,0.215,0.637,0.354,0.000704,-11.964,0.0283,126.435,0.111,R,War,,,,,,,,,
spotify:track:6zMUIb4uce1CzpbjR3vMdN,Ashanti,Foolish,2002,70,0.358,0.477,0.728,0,-5.71,0.0831,89.209,0.69,R,War,,,,,,,,,
spotify:track:04KTF78FFg8sOHC1BADqbY,Nelly,Hot In Herre,2002,71,0.218,0.965,0.736,0,-5.005,0.144,107.07,0.921,R,War,,,,,,,,,
spotify:track:14MgTooapmJdLlEMAr2zAM,Kelly Rowland,Dilemma (feat. Kelly Rowland),2002,52,0.185,0.736,0.518,1.51E-05,-9.333,0.182,168.121,0.579,R,War,,,,,,,,,
spotify:track:5QpaGzWp0hwB5faV8dkbAz,The Calling,Wherever You Will Go,2002,71,0.0367,0.558,0.719,0,-5.113,0.0267,112.027,0.371,R,War,,,,,,,,,
spotify:track:4w1lzcaoZ1IC2K5TwjalRP,Vanessa Carlton,A Thousand Miles,2002,76,0.323,0.56,0.825,0,-3.862,0.0379,94.931,0.268,R,War,,,,,,,,,
spotify:track:60a0Rd6pjrkxjPbaKzXjfq,Linkin Park,In the End,2002,82,0.0103,0.542,0.853,0,-6.407,0.0498,105.256,0.37,R,War,,,,,,,,,
spotify:track:7J41dYQolQJEtj3UmKLu5r,Usher,U Got It Bad,2002,69,0.0227,0.816,0.5,1.53E-06,-4.551,0.03,124.037,0.649,R,War,,,,,,,,,
spotify:track:6lSr3iZTC144PKhvbPFzMp,Puddle Of Mudd,Blurry,2002,65,0.01,0.44,0.929,0,-4.494,0.0525,157.49,0.495,R,War,,,,,,,,,
spotify:track:4RY96Asd9IefaL3X4LOLZ8,50 Cent,In Da Club,2003,70,0.283,0.865,0.73,0,-2.813,0.373,90.096,0.808,R,War,,,,,,,,,
spotify:track:5dNfHmqgr128gMY2tc5CeJ,R. Kelly,Ignition - Remix,2003,69,0.061,0.795,0.523,0,-7.165,0.0423,133.024,0.855,R,War,,,,,,,,,
spotify:track:7C86DVl6REN8VPeGEMOf9q,Sean Paul,Get Busy,2003,62,0.615,0.735,0.824,0,-4.143,0.036,100.202,0.726,R,War,,,,,,,,,
spotify:track:5IVuqXILoxVWvWEPm82Jxr,Beyoncé,Crazy In Love (feat. Jay-Z),2003,74,0.00249,0.646,0.77,0,-6.596,0.226,99.165,0.681,R,War,,,,,,,,,
spotify:track:3WbphvawbMZ8FyqDxYGdSQ,3 Doors Down,When I'm Gone,2003,68,0.00457,0.496,0.765,0,-5.66,0.033,74.072,0.337,R,War,,,,,,,,,
spotify:track:0PXWpNBYg52gABrn1qL1bD,Matchbox Twenty,Unwell,2003,62,0.0456,0.442,0.793,0,-5.152,0.0347,80.985,0.437,R,War,,,,,,,,,
spotify:track:0l3GEbH3CviUytD6iX4wzg,Chingy,Right Thurr,2003,67,0.15,0.866,0.749,0,-3.977,0.253,92.077,0.891,R,War,,,,,,,,,
spotify:track:2RMnvrnOpvcrznNG2I3DYc,Aaliyah Tribute,Miss You,2003,22,0.709,0.685,0.351,0,-8.999,0.0303,109.771,0.511,R,War,,,,,,,,,
spotify:track:69j0KoPJuwpnbGWrfn7Yll,Kid Rock,Picture (feat. Sheryl Crow),2003,66,0.172,0.692,0.496,6.42E-06,-7.332,0.0241,97.945,0.376,R,War,,,,,,,,,
spotify:track:5rb9QrpfcKFHM1EUbSIurX,Usher,Yeah! (feat. Lil Jon & Ludacris),2004,78,0.0183,0.894,0.791,0,-4.699,0.112,105.018,0.583,R,War,,,,,,,,,
spotify:track:7z3N2W7Xz1t2G2sAO8wFVH,Usher,Burn - Confession Special Edition Version,2004,65,0.314,0.796,0.477,0,-7.161,0.108,119.928,0.685,R,War,,,,,,,,,
spotify:track:3XVBdLihbNbxUwZosxcGuJ,Alicia Keys,If I Ain't Got You,2004,78,0.603,0.609,0.445,6.77E-06,-9.129,0.106,118.393,0.166,R,War,,,,,,,,,
spotify:track:5z7mYFfhw6N6f23VwrokJD,OutKast,The Way You Move (feat. Sleepy Brown),2004,64,0.126,0.871,0.597,0.000115,-4.932,0.0464,125.999,0.635,R,War,,,,,,,,,
spotify:track:3FZEg8UWOwKzJKzKT90hUZ,Hoobastank,The Reason,2004,74,0.0105,0.474,0.672,0,-4.678,0.028,83.029,0.0649,R,War,,,,,,,,,
spotify:track:2yr2HnFYl7XvqJk4fXoQBt,Various Artists,I Don't Wanna Know (feat. Enya & P. Diddy) - 2016 Remaster,2004,67,0.347,0.833,0.515,0.00156,-5,0.0462,97.035,0.4,R,War,,,,,,,,,
spotify:track:2PpruBYCo4H7WOBJ7Q2EwM,OutKast,Hey Ya!,2004,77,0.103,0.728,0.974,0.000532,-2.261,0.0665,79.526,0.965,R,War,,,,,,,,,
spotify:track:6hspsQYK9iO15rNYnklsYm,Ciara,Goodies (feat. Petey Pablo),2004,24,0.0216,0.64,0.711,1.38E-06,-4.081,0.216,204.217,0.856,R,War,,,,,,,,,
spotify:track:2Ozc0me9PV5vlt8cokwdvI,Terror Squad,Lean Back,2004,63,0.129,0.698,0.922,0,-3.359,0.517,126.594,0.691,R,War,,,,,,,,,
spotify:track:3LmvfNUQtglbTrydsdIqFU,Mariah Carey,We Belong Together,2005,69,0.0358,0.838,0.469,0,-7.992,0.0835,139.975,0.778,R,War,,,,,,,,,
spotify:track:6RcQOut9fWL6FSqeIr5M1r,Gwen Stefani,Hollaback Girl,2005,69,0.344,0.918,0.918,5.35E-06,-2.218,0.0954,110.024,0.882,R,War,,,,,,,,,
spotify:track:3ibKnFDaa3GhpPGlOUj7ff,Mario,Let Me Love You,2005,76,0.235,0.656,0.578,0,-8.97,0.0922,94.514,0.556,R,War,,,,,,,,,
spotify:track:3xrn9i8zhNZsTtcoWgQEAd,Kelly Clarkson,Since U Been Gone,2005,72,0.00165,0.662,0.741,0.0303,-5.406,0.0334,131,0.404,R,War,,,,,,,,,
spotify:track:3x9LFpV6tzq0qWaBMvY2UT,Ciara,"1, 2 Step (feat. Missy Elliott) - Don Candiani Reggaeton Mix",2005,40,0.0176,0.805,0.896,0.00293,-2.53,0.0414,98.738,0.776,R,War,,,,,,,,,
spotify:track:5GorCbAP4aL0EJ16frG2hd,Green Day,Boulevard of Broken Dreams,2005,72,0.00552,0.496,0.682,2.94E-05,-4.095,0.0294,167.06,0.474,R,War,,,,,,,,,
spotify:track:0AKAxdNkwq9ZxRdW1DN9zW,Kelly Clarkson,Behind These Hazel Eyes,2005,59,0.00165,0.548,0.889,0.00109,-4.682,0.0382,90.048,0.425,R,War,,,,,,,,,
spotify:track:0mUyMawtxj1CJ76kn9gIZK,Daniel Powter,Bad Day,2006,75,0.448,0.599,0.785,0.00336,-4.013,0.0309,140.046,0.52,R,War,,,,,,,,,
spotify:track:0k2GOhqsrxDTAbFFSdNJjT,Sean Paul,Temperature,2006,75,0.106,0.951,0.6,0,-4.675,0.0685,125.04,0.822,R,War,,,,,,,,,
spotify:track:7j6C8ITuzhA7GHmj2z9mSd,Various Artists,You’re Beautiful - Acoustic Cover,2006,6,0.994,0.66,0.183,0.928,-15.238,0.068,78.936,0.218,R,War,,,,,,,,,
spotify:track:5vdv0xsnP6WK9ZqsPxKKtJ,Various Artists,Hips Don't Lie (feat. Wyclef Jean),2006,33,0.274,0.778,0.827,0,-5.745,0.0624,100.016,0.761,R,War,,,,,,,,,
spotify:track:1D1nixOVWOxvNfWi0UD7VX,Natasha Bedingfield,Unwritten,2006,76,0.00577,0.706,0.801,0,-6.333,0.0399,100.013,0.63,R,War,,,,,,,,,
spotify:track:2N5zMZX7YeL1tico8oQxa9,Gnarls Barkley,Crazy,2006,70,0.0172,0.835,0.741,0.0577,-1.609,0.0339,111.963,0.612,R,War,,,,,,,,,
spotify:track:0O45fw2L5vsWpdsOdXwNAR,Justin Timberlake,SexyBack (feat. Timbaland),2006,70,0.0584,0.967,0.583,0,-5.562,0.0789,117,0.964,R,War,,,,,,,,,
spotify:track:2RWxrpsFshOBFwRBRstUlQ,Beyoncé,Check On It - feat. Bun B and Slim Thug,2006,54,0.0708,0.705,0.796,0,-6.845,0.267,166.042,0.864,R,War,,,,,,,,,
spotify:track:6RX5iL93VZ5fKmyvNXvF1r,Beyoncé,Irreplaceable,2007,72,0.0293,0.447,0.694,5.46E-06,-4.637,0.382,175.868,0.509,R,War,,,,,,,,,
spotify:track:3Q4WeJmzxuDpzMu9QjQqbM,Fergie,Big Girls Don't Cry (Personal),2007,73,0.239,0.712,0.647,0,-4.277,0.0336,113.116,0.292,R,War,,,,,,,,,
spotify:track:3guTXJKmMURN76FdZLZz29,T-Pain,Buy U a Drank (Shawty Snappin') (feat. Yung Joc),2007,39,0.0119,0.698,0.543,0,-8.143,0.116,80.104,0.622,R,War,,,,,,,,,
spotify:track:0ZUo4YjG4saFnEJhdWp9Bt,Carrie Underwood,Before He Cheats,2007,72,0.271,0.519,0.749,0,-3.318,0.0405,147.905,0.29,R,War,,,,,,,,,
spotify:track:4RCWB3V8V0dignt99LZ8vH,Plain White T's,Hey There Delilah,2007,78,0.872,0.657,0.291,0,-10.572,0.0293,103.973,0.298,R,War,,,,,,,,,
spotify:track:5AtFypwxB2ShXSxNj12dEd,Nelly Furtado,Say It Right,2007,54,0.0488,0.871,0.873,0.000747,-6.234,0.13,116.945,0.813,R,War,,,,,,,,,
spotify:track:0CAfXk7DXMnon4gLudAp7J,Flo Rida,Low (feat. T-Pain),2008,78,0.0928,0.918,0.609,0,-5.64,0.0791,128.008,0.304,R,War,,,,,,,,,
spotify:track:7wZUrN8oemZfsEd1CGkbXE,Leona Lewis,Bleeding Love,2008,77,0.188,0.638,0.656,0,-5.886,0.0357,104.036,0.225,R,War,,,,,,,,,
spotify:track:6IwKcFdiRQZOWeYNhUiWIv,Alicia Keys,No One,2008,78,0.0209,0.644,0.548,8.68E-06,-5.416,0.0286,90.042,0.166,R,War,,,,,,,,,
spotify:track:6FdY9j9tKEktgljxiwa4dp,Various Artists,Apologize (feat. OneRepublic),2008,24,0.0332,0.658,0.502,0,-9.21,0.0297,118.023,0.101,R,War,,,,,,,,,
spotify:track:3EXoXwJg7YCKBG0GZbJFqB,Jordin Sparks,No Air,2008,41,0.0494,0.461,0.757,0,-5.01,0.212,159.997,0.333,R,War,,,,,,,,,
spotify:track:4E6cwWJWZw2zWf7VFbH7wf,Sara Bareilles,Love Song,2008,75,0.0208,0.583,0.786,0,-3.142,0.0301,123.052,0.573,R,War,,,,,,,,,
spotify:track:5j0McHPthKpOXRr3fBq8M0,Usher,Love in This Club (feat. Young Jeezy),2008,65,0.0572,0.573,0.712,0,-5.976,0.0732,140.012,0.346,R,War,,,,,,,,,
spotify:track:5Lgcn7u07bHuqbOtXkN62u,Chris Brown,With You,2008,71,0.134,0.662,0.693,0,-4.298,0.0698,86.009,0.655,R,War,,,,,,,,,
spotify:track:3NZJlJemX3mzjf56MqC5ML,Chris Brown,Forever,2008,70,0.0368,0.672,0.82,0.000188,-4.456,0.0459,120.005,0.438,R,War,,,,,,,,,
spotify:track:0WfKDYeUAoLA3vdvLKKWMW,Lady Gaga,Poker Face,2009,67,0.139,0.846,0.815,2.19E-06,-4.512,0.0761,118.999,0.831,R,War,,,,,,,,,
spotify:track:4vp2J1l5RD4gMZwGFLfRAu,The Black Eyed Peas,I Gotta Feeling,2009,68,0.0823,0.741,0.748,0,-6.299,0.0264,127.965,0.6,R,War,,,,,,,,,
spotify:track:1vrd6UOGamcKNGnSHJQlSt,Taylor Swift,Love Story,2009,67,0.17,0.618,0.741,0,-3.95,0.031,118.984,0.296,R,War,,,,,,,,,
spotify:track:3GpbwCm3YxiWDvy29Uo3vP,Flo Rida,Right Round,2009,71,0.009,0.72,0.672,0,-6.852,0.0551,124.986,0.705,R,War,,,,,,,,,
spotify:track:5smPViFYtztTo7ww9gJXpD,The King's Singers,I’m Yours,2009,36,0.957,0.549,0.107,0,-16.147,0.0844,74.63,0.307,R,War,,,,,,,,,
spotify:track:5R9a4t5t5O0IsznsrKPVro,Beyoncé,Single Ladies (Put a Ring on It),2009,69,0.0383,0.426,0.584,0,-5.293,0.296,193.437,0.272,R,War,,,,,,,,,
spotify:track:4EWCNWgDS8707fNSZ1oaA5,Kanye West,Heartless,2009,75,0.0401,0.789,0.65,0,-6.16,0.121,87.983,0.617,R,War,,,,,,,,,
spotify:track:6ihL9TjfRjadfEePzXXyVF,The All-American Rejects,Gives You Hell,2009,70,0.0156,0.714,0.725,0,-6.411,0.0402,99.988,0.59,R,War,,,,,,,,,
spotify:track:11EX5yhxr9Ihl3IN1asrfK,Lady Antebellum,Need You Now,2010,66,0.0927,0.587,0.622,0.000636,-5.535,0.0303,107.943,0.231,R,War,,,,,,,,,
spotify:track:4HlFJV71xXKIGcU3kRyttv,Train,"Hey, Soul Sister",2010,82,0.185,0.673,0.886,0,-4.44,0.0431,97.012,0.795,R,War,,,,,,,,,
spotify:track:3glgou0Tu1wEYeo5Lt87In,Katy Perry,California Gurls,2010,27,0.00455,0.791,0.76,0,-3.785,0.0503,125.04,0.444,R,War,,,,,,,,,
spotify:track:1bM50INir8voAkVoKuvEUI,Usher,OMG (feat. will.i.am),2010,69,0.198,0.781,0.745,1.14E-05,-5.81,0.0332,129.998,0.326,R,War,,,,,,,,,
spotify:track:6lV2MSQmRIkycDScNtrBXO,B.o.B,Airplanes (feat. Hayley Williams),2010,73,0.11,0.66,0.867,0,-4.285,0.116,93.033,0.377,R,War,,,,,,,,,
spotify:track:0SiywuOBRcynK0uKGWdCnn,Lady Gaga,Bad Romance,2010,71,0.00314,0.696,0.921,5.24E-05,-3.755,0.0363,119.001,0.714,R,War,,,,,,,,,
spotify:track:1DqdF42leyFIzqNDv9CjId,Taio Cruz,Dynamite,2010,69,0.00332,0.754,0.804,0,-3.177,0.0853,119.968,0.818,R,War,,,,,,,,,
